number,status,score,level,primary_category,tags,prize,formalized,oeis,problem_file,url,model_review_level,model_review_score,model_review_confidence,model_review_file
1,open,23,low_candidate,number theory,number theory; additive combinatorics,$500,yes,A276661,results/problems/number-theory/problem_1.md,https://www.erdosproblems.com/1,low_to_medium_candidate,32,medium,archive/v1/reviews/problem_1.json
3,open,22,low_candidate,number theory,number theory; additive combinatorics; arithmetic progressions,$5000,yes,A003002; A003003; A003004; A003005,results/problems/number-theory/problem_3.md,https://www.erdosproblems.com/3,low_candidate,18,high,archive/v1/reviews/problem_3.json
5,open,30,low_candidate,number theory,number theory; primes,no,no,A001223,results/problems/number-theory/problem_5.md,https://www.erdosproblems.com/5,low_to_medium_candidate,32,high,archive/v1/reviews/problem_5.json
7,verifiable,72,high_candidate,number theory,number theory; covering systems,no,yes,N/A,results/problems/number-theory/problem_7.md,https://www.erdosproblems.com/7,low_to_medium_candidate,42,medium,archive/v1/reviews/problem_7.json
9,open,31,low_candidate,number theory,number theory; additive basis; primes,no,yes,A006286,results/problems/number-theory/problem_9.md,https://www.erdosproblems.com/9,low_to_medium_candidate,35,medium,archive/v1/reviews/problem_9.json
10,open,36,low_candidate,number theory,number theory; additive basis; primes,no,yes,A387053,results/problems/number-theory/problem_10.md,https://www.erdosproblems.com/10,low_candidate,22,medium,archive/v1/reviews/problem_10.json
11,open,36,low_candidate,number theory,number theory; additive basis,no,yes,A001220; A377587,results/problems/number-theory/problem_11.md,https://www.erdosproblems.com/11,low_to_medium_candidate,42,medium,archive/v1/reviews/problem_11.json
12,open,26,low_candidate,number theory,number theory,no,yes,N/A,results/problems/number-theory/problem_12.md,https://www.erdosproblems.com/12,medium_candidate,62,medium,archive/v1/reviews/problem_12.json
14,open,26,low_candidate,number theory,number theory; sidon sets; additive combinatorics,no,yes,A143824; possible,results/problems/number-theory/problem_14.md,https://www.erdosproblems.com/14,low_to_medium_candidate,42,medium,archive/v1/reviews/problem_14.json
15,open,29,low_candidate,number theory,number theory; primes,no,yes,N/A,results/problems/number-theory/problem_15.md,https://www.erdosproblems.com/15,low_to_medium_candidate,42,medium,archive/v1/reviews/problem_15.json
17,open,27,low_candidate,number theory,number theory; primes,no,yes,A038133,results/problems/number-theory/problem_17.md,https://www.erdosproblems.com/17,low_to_medium_candidate,32,medium,archive/v1/reviews/problem_17.json
18,open,27,low_candidate,number theory,number theory; divisors; factorials,no,yes,A005153,results/problems/number-theory/problem_18.md,https://www.erdosproblems.com/18,medium_candidate,58,medium,archive/v1/reviews/problem_18.json
19,decidable,67,medium_candidate,graph theory,graph theory; chromatic number,$500,no,N/A,results/problems/graph-theory/problem_19.md,https://www.erdosproblems.com/19,medium_candidate,64,medium,archive/v1/reviews/problem_19.json
20,open,32,low_candidate,combinatorics,combinatorics,$1000,yes,A332077,results/problems/combinatorics/problem_20.md,https://www.erdosproblems.com/20,low_to_medium_candidate,38,medium,archive/v1/reviews/problem_20.json
23,falsifiable,71,high_candidate,graph theory,graph theory,no,yes,A389646,results/problems/graph-theory/problem_23.md,https://www.erdosproblems.com/23,medium_candidate,58,medium,archive/v1/reviews/problem_23.json
25,open,29,low_candidate,number theory,number theory,no,yes,N/A,results/problems/number-theory/problem_25.md,https://www.erdosproblems.com/25,medium_candidate,58,medium,archive/v1/reviews/problem_25.json
28,open,29,low_candidate,number theory,number theory; additive basis,$500,yes,N/A,results/problems/number-theory/problem_28.md,https://www.erdosproblems.com/28,low_candidate,22,medium,archive/v1/reviews/problem_28.json
30,open,19,low_candidate,number theory,number theory; sidon sets; additive combinatorics,$1000,yes,A143824; A227590; A003022,results/problems/number-theory/problem_30.md,https://www.erdosproblems.com/30,low_to_medium_candidate,38,medium,archive/v1/reviews/problem_30.json
32,open,23,low_candidate,number theory,number theory; additive basis,no,yes,N/A,results/problems/number-theory/problem_32.md,https://www.erdosproblems.com/32,low_to_medium_candidate,38,medium,archive/v1/reviews/problem_32.json
33,open,35,low_candidate,number theory,number theory; additive basis,no,yes,N/A,results/problems/number-theory/problem_33.md,https://www.erdosproblems.com/33,medium_candidate,60,medium,archive/v1/reviews/problem_33.json
36,open,32,low_candidate,number theory,number theory; additive combinatorics,no,yes,A393584; possible,results/problems/number-theory/problem_36.md,https://www.erdosproblems.com/36,high_candidate,82,medium,archive/v1/reviews/problem_36.json
39,open,14,low_candidate,number theory,number theory; sidon sets; additive combinatorics,$500,yes,N/A,results/problems/number-theory/problem_39.md,https://www.erdosproblems.com/39,low_to_medium_candidate,38,medium,archive/v1/reviews/problem_39.json
40,open,26,low_candidate,number theory,number theory; additive basis,$500,yes,N/A,results/problems/number-theory/problem_40.md,https://www.erdosproblems.com/40,low_candidate,22,medium,archive/v1/reviews/problem_40.json
41,open,22,low_candidate,number theory,number theory; sidon sets; additive combinatorics,$500,yes,N/A,results/problems/number-theory/problem_41.md,https://www.erdosproblems.com/41,low_to_medium_candidate,38,medium,archive/v1/reviews/problem_41.json
44,open,26,low_candidate,number theory,number theory; sidon sets; additive combinatorics,no,yes,N/A,results/problems/number-theory/problem_44.md,https://www.erdosproblems.com/44,low_to_medium_candidate,42,medium,archive/v1/reviews/problem_44.json
50,open,25,low_candidate,number theory,number theory,$250,yes,N/A,results/problems/number-theory/problem_50.md,https://www.erdosproblems.com/50,medium_candidate,55,medium,archive/v1/reviews/problem_50.json
51,open,41,low_to_medium_candidate,number theory,number theory,no,yes,A002202; A014197,results/problems/number-theory/problem_51.md,https://www.erdosproblems.com/51,low_to_medium_candidate,38,medium,archive/v1/reviews/problem_51.json
52,open,26,low_candidate,number theory,number theory; additive combinatorics,$250,yes,A263996,results/problems/number-theory/problem_52.md,https://www.erdosproblems.com/52,low_to_medium_candidate,38,medium,archive/v1/reviews/problem_52.json
60,open,42,low_to_medium_candidate,graph theory,graph theory; cycles,no,no,A006855,results/problems/graph-theory/problem_60.md,https://www.erdosproblems.com/60,low_to_medium_candidate,42,medium,archive/v1/reviews/problem_60.json
61,open,47,low_to_medium_candidate,graph theory,graph theory,no,yes,N/A,results/problems/graph-theory/problem_61.md,https://www.erdosproblems.com/61,low_to_medium_candidate,38,medium,archive/v1/reviews/problem_61.json
62,open,42,low_to_medium_candidate,graph theory,graph theory,no,no,N/A,results/problems/graph-theory/problem_62.md,https://www.erdosproblems.com/62,low_to_medium_candidate,38,medium,archive/v1/reviews/problem_62.json
64,falsifiable,63,medium_candidate,graph theory,graph theory; cycles,$1000,yes,N/A,results/problems/graph-theory/problem_64.md,https://www.erdosproblems.com/64,medium_candidate,58,medium,archive/v1/reviews/problem_64.json
65,open,29,low_candidate,graph theory,graph theory; cycles,no,no,N/A,results/problems/graph-theory/problem_65.md,https://www.erdosproblems.com/65,medium_candidate,68,medium,archive/v1/reviews/problem_65.json
66,open,24,low_candidate,number theory,number theory; additive basis,$500,yes,N/A,results/problems/number-theory/problem_66.md,https://www.erdosproblems.com/66,low_to_medium_candidate,42,medium,archive/v1/reviews/problem_66.json
68,open,33,low_candidate,number theory,number theory; irrationality,no,yes,A331373,results/problems/number-theory/problem_68.md,https://www.erdosproblems.com/68,low_to_medium_candidate,38,medium,archive/v1/reviews/problem_68.json
70,open,35,low_candidate,graph theory,graph theory; ramsey theory; set theory,no,no,N/A,results/problems/graph-theory/problem_70.md,https://www.erdosproblems.com/70,low_to_medium_candidate,38,medium,archive/v1/reviews/problem_70.json
74,open,56,medium_candidate,graph theory,graph theory; chromatic number; cycles,$500,yes,N/A,results/problems/graph-theory/problem_74.md,https://www.erdosproblems.com/74,low_to_medium_candidate,42,medium,archive/v1/reviews/problem_74.json
75,open,47,low_to_medium_candidate,graph theory,graph theory; chromatic number,no,yes,N/A,results/problems/graph-theory/problem_75.md,https://www.erdosproblems.com/75,low_to_medium_candidate,42,medium,archive/v1/reviews/problem_75.json
77,open,43,low_to_medium_candidate,graph theory,graph theory; ramsey theory,$250,no,A059442,results/problems/graph-theory/problem_77.md,https://www.erdosproblems.com/77,low_candidate,18,high,archive/v1/reviews/problem_77.json
78,open,46,low_to_medium_candidate,graph theory,graph theory; ramsey theory,$100,no,A059442,results/problems/graph-theory/problem_78.md,https://www.erdosproblems.com/78,medium_candidate,58,medium,archive/v1/reviews/problem_78.json
80,open,32,low_candidate,graph theory,graph theory; ramsey theory,no,no,N/A,results/problems/graph-theory/problem_80.md,https://www.erdosproblems.com/80,low_to_medium_candidate,35,medium,archive/v1/reviews/problem_80.json
81,open,34,low_candidate,graph theory,graph theory,no,no,possible,results/problems/graph-theory/problem_81.md,https://www.erdosproblems.com/81,low_to_medium_candidate,42,medium,archive/v1/reviews/problem_81.json
82,open,40,low_to_medium_candidate,graph theory,graph theory,no,yes,A120414; A390256; A390257; A390919; A392636; A394400; A394462; A394539; A394563; A394564; A394573; A394574; A394930; A394933,results/problems/graph-theory/problem_82.md,https://www.erdosproblems.com/82,low_to_medium_candidate,42,medium,archive/v1/reviews/problem_82.json
84,open,35,low_candidate,graph theory,graph theory; cycles,no,no,possible,results/problems/graph-theory/problem_84.md,https://www.erdosproblems.com/84,medium_candidate,58,medium,archive/v1/reviews/problem_84.json
85,open,43,low_to_medium_candidate,graph theory,graph theory,no,yes,A006672; possible,results/problems/graph-theory/problem_85.md,https://www.erdosproblems.com/85,medium_candidate,58,medium,archive/v1/reviews/problem_85.json
86,open,34,low_candidate,graph theory,graph theory,$100,no,A245762,results/problems/graph-theory/problem_86.md,https://www.erdosproblems.com/86,low_to_medium_candidate,38,medium,archive/v1/reviews/problem_86.json
87,open,44,low_to_medium_candidate,graph theory,graph theory; ramsey theory,no,no,A059442; possible,results/problems/graph-theory/problem_87.md,https://www.erdosproblems.com/87,low_to_medium_candidate,38,medium,archive/v1/reviews/problem_87.json
89,open,28,low_candidate,geometry,geometry; distances,$500,yes,A186704; A131628,results/problems/geometry/problem_89.md,https://www.erdosproblems.com/89,low_to_medium_candidate,34,high,archive/v1/reviews/problem_89.json
90,open,25,low_candidate,geometry,geometry; distances,$500,yes,A186705,results/problems/geometry/problem_90.md,https://www.erdosproblems.com/90,low_to_medium_candidate,28,medium,archive/v1/reviews/problem_90.json
91,open,30,low_candidate,geometry,geometry; distances,no,yes,A186704; possible,results/problems/geometry/problem_91.md,https://www.erdosproblems.com/91,low_to_medium_candidate,38,medium,archive/v1/reviews/problem_91.json
92,open,24,low_candidate,geometry,geometry; distances,$500,yes,possible,results/problems/geometry/problem_92.md,https://www.erdosproblems.com/92,low_to_medium_candidate,36,high,archive/v1/reviews/problem_92.json
96,open,20,low_candidate,geometry,geometry; distances; convex,no,no,possible,results/problems/geometry/problem_96.md,https://www.erdosproblems.com/96,low_to_medium_candidate,42,medium,archive/v1/reviews/problem_96.json
97,falsifiable,49,low_to_medium_candidate,geometry,geometry; distances; convex,$100,yes,N/A,results/problems/geometry/problem_97.md,https://www.erdosproblems.com/97,medium_candidate,62,medium,archive/v1/reviews/problem_97.json
98,open,24,low_candidate,geometry,geometry; distances,no,no,possible,results/problems/geometry/problem_98.md,https://www.erdosproblems.com/98,low_to_medium_candidate,42,medium,archive/v1/reviews/problem_98.json
99,open,21,low_candidate,geometry,geometry; distances,$100,yes,N/A,results/problems/geometry/problem_99.md,https://www.erdosproblems.com/99,medium_candidate,58,medium,archive/v1/reviews/problem_99.json
100,open,23,low_candidate,geometry,geometry; distances,no,yes,N/A,results/problems/geometry/problem_100.md,https://www.erdosproblems.com/100,medium_candidate,62,medium,archive/v1/reviews/problem_100.json
101,open,28,low_candidate,geometry,geometry,$100,yes,A006065; possible,results/problems/geometry/problem_101.md,https://www.erdosproblems.com/101,low_to_medium_candidate,42,medium,archive/v1/reviews/problem_101.json
102,open,23,low_candidate,geometry,geometry,no,no,N/A,results/problems/geometry/problem_102.md,https://www.erdosproblems.com/102,low_candidate,25,medium,archive/v1/reviews/problem_102.json
103,open,21,low_candidate,geometry,geometry; distances,no,no,possible,results/problems/geometry/problem_103.md,https://www.erdosproblems.com/103,low_to_medium_candidate,42,medium,archive/v1/reviews/problem_103.json
104,open,23,low_candidate,geometry,geometry,$100,no,A003829,results/problems/geometry/problem_104.md,https://www.erdosproblems.com/104,medium_candidate,58,medium,archive/v1/reviews/problem_104.json
106,falsifiable,54,low_to_medium_candidate,geometry,geometry,no,no,N/A,results/problems/geometry/problem_106.md,https://www.erdosproblems.com/106,medium_candidate,62,medium,archive/v1/reviews/problem_106.json
107,falsifiable,57,medium_candidate,geometry,geometry; convex,$500,yes,A000051,results/problems/geometry/problem_107.md,https://www.erdosproblems.com/107,low_candidate,25,high,archive/v1/reviews/problem_107.json
108,open,58,medium_candidate,graph theory,graph theory; chromatic number; cycles,no,yes,possible,results/problems/graph-theory/problem_108.md,https://www.erdosproblems.com/108,low_to_medium_candidate,38,medium,archive/v1/reviews/problem_108.json
111,open,35,low_candidate,graph theory,graph theory; chromatic number; set theory,no,no,N/A,results/problems/graph-theory/problem_111.md,https://www.erdosproblems.com/111,medium_candidate,58,medium,archive/v1/reviews/problem_111.json
112,open,38,low_to_medium_candidate,graph theory,graph theory; ramsey theory,no,no,possible,results/problems/graph-theory/problem_112.md,https://www.erdosproblems.com/112,medium_candidate,62,medium,archive/v1/reviews/problem_112.json
114,falsifiable,49,low_to_medium_candidate,polynomials,polynomials; analysis,$250,no,N/A,results/problems/polynomials/problem_114.md,https://www.erdosproblems.com/114,medium_candidate,72,medium,archive/v1/reviews/problem_114.json
117,open,30,low_candidate,group theory,group theory,no,no,possible,results/problems/group-theory/problem_117.md,https://www.erdosproblems.com/117,low_to_medium_candidate,42,medium,archive/v1/reviews/problem_117.json
119,open,28,low_candidate,analysis,analysis; polynomials,$100,yes,N/A,results/problems/analysis/problem_119.md,https://www.erdosproblems.com/119,low_to_medium_candidate,42,medium,archive/v1/reviews/problem_119.json
120,open,38,low_to_medium_candidate,combinatorics,combinatorics,$100,yes,N/A,results/problems/combinatorics/problem_120.md,https://www.erdosproblems.com/120,low_to_medium_candidate,34,medium,archive/v1/reviews/problem_120.json
122,open,24,low_candidate,number theory,number theory,no,no,N/A,results/problems/number-theory/problem_122.md,https://www.erdosproblems.com/122,low_to_medium_candidate,38,medium,archive/v1/reviews/problem_122.json
123,open,25,low_candidate,number theory,number theory,$250,yes,N/A,results/problems/number-theory/problem_123.md,https://www.erdosproblems.com/123,medium_candidate,58,medium,archive/v1/reviews/problem_123.json
124,open,34,low_candidate,number theory,number theory; base representations,no,yes,N/A,results/problems/number-theory/problem_124.md,https://www.erdosproblems.com/124,medium_candidate,58,medium,archive/v1/reviews/problem_124.json
126,open,19,low_candidate,number theory,number theory,$250,yes,possible,results/problems/number-theory/problem_126.md,https://www.erdosproblems.com/126,low_to_medium_candidate,42,medium,archive/v1/reviews/problem_126.json
128,falsifiable,63,medium_candidate,graph theory,graph theory,$250,yes,N/A,results/problems/graph-theory/problem_128.md,https://www.erdosproblems.com/128,low_to_medium_candidate,46,medium,archive/v1/reviews/problem_128.json
129,open,43,low_to_medium_candidate,graph theory,graph theory; ramsey theory,no,no,possible,results/problems/graph-theory/problem_129.md,https://www.erdosproblems.com/129,not_applicable_meta_mathematical,18,high,archive/v1/reviews/problem_129.json
130,open,47,low_to_medium_candidate,graph theory,graph theory; chromatic number,no,no,N/A,results/problems/graph-theory/problem_130.md,https://www.erdosproblems.com/130,low_to_medium_candidate,44,medium,archive/v1/reviews/problem_130.json
131,open,27,low_candidate,number theory,number theory,no,no,A068063,results/problems/number-theory/problem_131.md,https://www.erdosproblems.com/131,low_to_medium_candidate,45,medium,archive/v1/reviews/problem_131.json
132,open,20,low_candidate,distances,distances,$100,no,N/A,results/problems/distances/problem_132.md,https://www.erdosproblems.com/132,medium_candidate,67,medium,archive/v1/reviews/problem_132.json
137,open,26,low_candidate,number theory,number theory,no,yes,N/A,results/problems/number-theory/problem_137.md,https://www.erdosproblems.com/137,low_to_medium_candidate,38,medium,archive/v1/reviews/problem_137.json
138,open,29,low_candidate,additive combinatorics,additive combinatorics,$500,yes,A005346,results/problems/additive-combinatorics/problem_138.md,https://www.erdosproblems.com/138,low_to_medium_candidate,38,medium,archive/v1/reviews/problem_138.json
141,open,27,low_candidate,additive combinatorics,additive combinatorics; primes; arithmetic progressions,no,yes,A006560,results/problems/additive-combinatorics/problem_141.md,https://www.erdosproblems.com/141,low_candidate,25,medium,archive/v1/reviews/problem_141.json
142,open,22,low_candidate,additive combinatorics,additive combinatorics; arithmetic progressions,$10000,yes,A003002; A003003; A003004; A003005,results/problems/additive-combinatorics/problem_142.md,https://www.erdosproblems.com/142,low_candidate,12,high,archive/v1/reviews/problem_142.json
143,open,25,low_candidate,primitive sets,primitive sets,$500,yes,N/A,results/problems/primitive-sets/problem_143.md,https://www.erdosproblems.com/143,medium_candidate,62,medium,archive/v1/reviews/problem_143.json
145,open,36,low_candidate,number theory,number theory,no,yes,A005117,results/problems/number-theory/problem_145.md,https://www.erdosproblems.com/145,low_to_medium_candidate,42,medium,archive/v1/reviews/problem_145.json
146,open,34,low_candidate,graph theory,graph theory; turan number,$500,no,N/A,results/problems/graph-theory/problem_146.md,https://www.erdosproblems.com/146,low_candidate,18,high,archive/v1/reviews/problem_146.json
148,open,34,low_candidate,number theory,number theory; unit fractions,no,no,A076393; A006585,results/problems/number-theory/problem_148.md,https://www.erdosproblems.com/148,low_to_medium_candidate,42,medium,archive/v1/reviews/problem_148.json
149,open,40,low_to_medium_candidate,graph theory,graph theory,no,no,N/A,results/problems/graph-theory/problem_149.md,https://www.erdosproblems.com/149,low_to_medium_candidate,30,medium,archive/v1/reviews/problem_149.json
151,open,37,low_candidate,graph theory,graph theory,no,no,possible,results/problems/graph-theory/problem_151.md,https://www.erdosproblems.com/151,low_to_medium_candidate,42,medium,archive/v1/reviews/problem_151.json
153,open,35,low_candidate,sidon sets,sidon sets,no,yes,N/A,results/problems/sidon-sets/problem_153.md,https://www.erdosproblems.com/153,medium_candidate,58,medium,archive/v1/reviews/problem_153.json
155,open,30,low_candidate,additive combinatorics,additive combinatorics; sidon sets,no,yes,A143824; A227590; A003022,results/problems/additive-combinatorics/problem_155.md,https://www.erdosproblems.com/155,low_to_medium_candidate,38,medium,archive/v1/reviews/problem_155.json
156,open,26,low_candidate,sidon sets,sidon sets,no,no,A382397,results/problems/sidon-sets/problem_156.md,https://www.erdosproblems.com/156,low_to_medium_candidate,42,medium,archive/v1/reviews/problem_156.json
158,open,32,low_candidate,sidon sets,sidon sets,no,yes,N/A,results/problems/sidon-sets/problem_158.md,https://www.erdosproblems.com/158,medium_candidate,52,medium,archive/v1/reviews/problem_158.json
159,open,41,low_to_medium_candidate,graph theory,graph theory; ramsey theory,no,no,possible,results/problems/graph-theory/problem_159.md,https://www.erdosproblems.com/159,low_to_medium_candidate,35,medium,archive/v1/reviews/problem_159.json
160,open,20,low_candidate,additive combinatorics,additive combinatorics; arithmetic progressions,no,yes,possible,results/problems/additive-combinatorics/problem_160.md,https://www.erdosproblems.com/160,low_to_medium_candidate,48,medium,archive/v1/reviews/problem_160.json
161,open,41,low_to_medium_candidate,combinatorics,combinatorics; ramsey theory; discrepancy,$500,no,N/A,results/problems/combinatorics/problem_161.md,https://www.erdosproblems.com/161,low_to_medium_candidate,42,medium,archive/v1/reviews/problem_161.json
162,open,48,low_to_medium_candidate,combinatorics,combinatorics; ramsey theory; discrepancy,no,no,N/A,results/problems/combinatorics/problem_162.md,https://www.erdosproblems.com/162,low_candidate,18,high,archive/v1/reviews/problem_162.json
165,open,32,low_candidate,graph theory,graph theory; ramsey theory,$250,no,A000791,results/problems/graph-theory/problem_165.md,https://www.erdosproblems.com/165,low_to_medium_candidate,32,medium,archive/v1/reviews/problem_165.json
167,falsifiable,59,medium_candidate,graph theory,graph theory,no,no,N/A,results/problems/graph-theory/problem_167.md,https://www.erdosproblems.com/167,low_to_medium_candidate,38,medium,archive/v1/reviews/problem_167.json
168,open,39,low_to_medium_candidate,additive combinatorics,additive combinatorics,no,yes,A004059; A057561; A094708; A386439,results/problems/additive-combinatorics/problem_168.md,https://www.erdosproblems.com/168,medium_candidate,58,medium,archive/v1/reviews/problem_168.json
169,open,28,low_candidate,additive combinatorics,additive combinatorics; arithmetic progressions,no,no,A005346,results/problems/additive-combinatorics/problem_169.md,https://www.erdosproblems.com/169,low_to_medium_candidate,42,medium,archive/v1/reviews/problem_169.json
170,open,41,low_to_medium_candidate,additive combinatorics,additive combinatorics,no,yes,A046693,results/problems/additive-combinatorics/problem_170.md,https://www.erdosproblems.com/170,low_to_medium_candidate,42,medium,archive/v1/reviews/problem_170.json
172,open,39,low_to_medium_candidate,additive combinatorics,additive combinatorics; ramsey theory,no,yes,N/A,results/problems/additive-combinatorics/problem_172.md,https://www.erdosproblems.com/172,medium_candidate,62,medium,archive/v1/reviews/problem_172.json
173,open,37,low_candidate,geometry,geometry; ramsey theory,no,no,N/A,results/problems/geometry/problem_173.md,https://www.erdosproblems.com/173,low_to_medium_candidate,38,medium,archive/v1/reviews/problem_173.json
174,open,43,low_to_medium_candidate,geometry,geometry; ramsey theory,no,no,N/A,results/problems/geometry/problem_174.md,https://www.erdosproblems.com/174,low_to_medium_candidate,32,medium,archive/v1/reviews/problem_174.json
176,open,21,low_candidate,additive combinatorics,additive combinatorics; arithmetic progressions; discrepancy,no,no,possible,results/problems/additive-combinatorics/problem_176.md,https://www.erdosproblems.com/176,medium_candidate,58,medium,archive/v1/reviews/problem_176.json
177,open,30,low_candidate,discrepancy,discrepancy; arithmetic progressions,no,no,N/A,results/problems/discrepancy/problem_177.md,https://www.erdosproblems.com/177,low_to_medium_candidate,42,medium,archive/v1/reviews/problem_177.json
180,open,46,low_to_medium_candidate,graph theory,graph theory; turan number,no,no,N/A,results/problems/graph-theory/problem_180.md,https://www.erdosproblems.com/180,medium_candidate,6,medium,archive/v1/reviews/problem_180.json
181,open,41,low_to_medium_candidate,graph theory,graph theory; ramsey theory,no,no,possible,results/problems/graph-theory/problem_181.md,https://www.erdosproblems.com/181,low_to_medium_candidate,42,medium,archive/v1/reviews/problem_181.json
183,open,47,low_to_medium_candidate,graph theory,graph theory; ramsey theory,$250,no,A003323,results/problems/graph-theory/problem_183.md,https://www.erdosproblems.com/183,low_to_medium_candidate,34,medium,archive/v1/reviews/problem_183.json
184,open,43,low_to_medium_candidate,graph theory,graph theory; cycles,no,yes,possible,results/problems/graph-theory/problem_184.md,https://www.erdosproblems.com/184,low_to_medium_candidate,42,medium,archive/v1/reviews/problem_184.json
187,open,32,low_candidate,additive combinatorics,additive combinatorics; ramsey theory,no,no,N/A,results/problems/additive-combinatorics/problem_187.md,https://www.erdosproblems.com/187,low_to_medium_candidate,38,medium,archive/v1/reviews/problem_187.json
188,open,39,low_to_medium_candidate,geometry,geometry; ramsey theory,no,yes,N/A,results/problems/geometry/problem_188.md,https://www.erdosproblems.com/188,low_to_medium_candidate,42,medium,archive/v1/reviews/problem_188.json
190,open,36,low_candidate,additive combinatorics,additive combinatorics; arithmetic progressions,no,no,possible,results/problems/additive-combinatorics/problem_190.md,https://www.erdosproblems.com/190,low_to_medium_candidate,38,medium,archive/v1/reviews/problem_190.json
193,open,42,low_to_medium_candidate,geometry,geometry,no,yes,A231255,results/problems/geometry/problem_193.md,https://www.erdosproblems.com/193,low_to_medium_candidate,38,medium,archive/v1/reviews/problem_193.json
195,open,32,low_candidate,arithmetic progressions,arithmetic progressions,no,yes,N/A,results/problems/arithmetic-progressions/problem_195.md,https://www.erdosproblems.com/195,medium_candidate,55,medium,archive/v1/reviews/problem_195.json
196,open,32,low_candidate,arithmetic progressions,arithmetic progressions,no,yes,N/A,results/problems/arithmetic-progressions/problem_196.md,https://www.erdosproblems.com/196,medium_candidate,58,medium,archive/v1/reviews/problem_196.json
197,open,32,low_candidate,arithmetic progressions,arithmetic progressions,no,yes,N/A,results/problems/arithmetic-progressions/problem_197.md,https://www.erdosproblems.com/197,medium_candidate,58,medium,archive/v1/reviews/problem_197.json
200,open,24,low_candidate,primes,primes; arithmetic progressions,no,yes,A005115,results/problems/primes/problem_200.md,https://www.erdosproblems.com/200,low_to_medium_candidate,38,medium,archive/v1/reviews/problem_200.json
201,open,25,low_candidate,additive combinatorics,additive combinatorics; arithmetic progressions,no,no,A003002; A003003; A003004; A003005; possible,results/problems/additive-combinatorics/problem_201.md,https://www.erdosproblems.com/201,low_to_medium_candidate,43,medium,archive/v1/reviews/problem_201.json
202,open,32,low_candidate,covering systems,covering systems,no,no,A389975,results/problems/covering-systems/problem_202.md,https://www.erdosproblems.com/202,low_to_medium_candidate,42,medium,archive/v1/reviews/problem_202.json
203,open,32,low_candidate,primes,primes; covering systems,no,yes,N/A,results/problems/primes/problem_203.md,https://www.erdosproblems.com/203,medium_candidate,63,medium,archive/v1/reviews/problem_203.json
208,open,33,low_candidate,number theory,number theory,no,yes,A005117; A076259,results/problems/number-theory/problem_208.md,https://www.erdosproblems.com/208,low_to_medium_candidate,35,medium,archive/v1/reviews/problem_208.json
212,open,31,low_candidate,geometry,geometry; distances,no,yes,N/A,results/problems/geometry/problem_212.md,https://www.erdosproblems.com/212,low_to_medium_candidate,42,medium,archive/v1/reviews/problem_212.json
213,open,28,low_candidate,geometry,geometry; distances,no,yes,N/A,results/problems/geometry/problem_213.md,https://www.erdosproblems.com/213,low_to_medium_candidate,42,medium,archive/v1/reviews/problem_213.json
217,open,23,low_candidate,geometry,geometry; distances,no,no,possible,results/problems/geometry/problem_217.md,https://www.erdosproblems.com/217,low_to_medium_candidate,45,medium,archive/v1/reviews/problem_217.json
218,open,27,low_candidate,number theory,number theory; primes,no,yes,A333230; A333231; A064113,results/problems/number-theory/problem_218.md,https://www.erdosproblems.com/218,low_to_medium_candidate,38,medium,archive/v1/reviews/problem_218.json
222,open,27,low_candidate,number theory,number theory; squares,no,no,A256435,results/problems/number-theory/problem_222.md,https://www.erdosproblems.com/222,low_to_medium_candidate,42,medium,archive/v1/reviews/problem_222.json
233,open,21,low_candidate,number theory,number theory; primes,no,yes,A074741,results/problems/number-theory/problem_233.md,https://www.erdosproblems.com/233,low_candidate,18,high,archive/v1/reviews/problem_233.json
234,open,26,low_candidate,number theory,number theory; primes,no,yes,N/A,results/problems/number-theory/problem_234.md,https://www.erdosproblems.com/234,low_candidate,18,medium,archive/v1/reviews/problem_234.json
236,open,27,low_candidate,number theory,number theory; primes,no,yes,A039669; A109925,results/problems/number-theory/problem_236.md,https://www.erdosproblems.com/236,low_to_medium_candidate,38,medium,archive/v1/reviews/problem_236.json
238,open,20,low_candidate,number theory,number theory; primes,no,yes,N/A,results/problems/number-theory/problem_238.md,https://www.erdosproblems.com/238,low_to_medium_candidate,42,medium,archive/v1/reviews/problem_238.json
241,open,28,low_candidate,additive combinatorics,additive combinatorics; sidon sets,$100,yes,A387704,results/problems/additive-combinatorics/problem_241.md,https://www.erdosproblems.com/241,low_to_medium_candidate,38,medium,archive/v1/reviews/problem_241.json
242,falsifiable,62,medium_candidate,number theory,number theory; unit fractions,no,yes,A073101; A075245; A075246; A075247; A075248; A287116,results/problems/number-theory/problem_242.md,https://www.erdosproblems.com/242,low_to_medium_candidate,46,medium,archive/v1/reviews/problem_242.json
243,open,27,low_candidate,number theory,number theory,no,yes,A000058,results/problems/number-theory/problem_243.md,https://www.erdosproblems.com/243,low_to_medium_candidate,4,medium,archive/v1/reviews/problem_243.json
244,open,23,low_candidate,number theory,number theory; primes,no,yes,N/A,results/problems/number-theory/problem_244.md,https://www.erdosproblems.com/244,low_to_medium_candidate,43,medium,archive/v1/reviews/problem_244.json
247,open,26,low_candidate,number theory,number theory; irrationality,no,yes,N/A,results/problems/number-theory/problem_247.md,https://www.erdosproblems.com/247,low_candidate,22,medium,archive/v1/reviews/problem_247.json
249,open,33,low_candidate,number theory,number theory; irrationality,no,yes,A256936,results/problems/number-theory/problem_249.md,https://www.erdosproblems.com/249,low_to_medium_candidate,38,medium,archive/v1/reviews/problem_249.json
251,open,27,low_candidate,number theory,number theory; irrationality,no,yes,A098990,results/problems/number-theory/problem_251.md,https://www.erdosproblems.com/251,low_to_medium_candidate,38,medium,archive/v1/reviews/problem_251.json
252,open,33,low_candidate,number theory,number theory; irrationality,no,yes,A227988; A227989; possible,results/problems/number-theory/problem_252.md,https://www.erdosproblems.com/252,low_to_medium_candidate,38,medium,archive/v1/reviews/problem_252.json
254,open,29,low_candidate,number theory,number theory,no,yes,N/A,results/problems/number-theory/problem_254.md,https://www.erdosproblems.com/254,low_to_medium_candidate,42,medium,archive/v1/reviews/problem_254.json
256,open,21,low_candidate,analysis,analysis,no,no,N/A,results/problems/analysis/problem_256.md,https://www.erdosproblems.com/256,medium_candidate,55,medium,archive/v1/reviews/problem_256.json
257,open,29,low_candidate,irrationality,irrationality,no,yes,N/A,results/problems/irrationality/problem_257.md,https://www.erdosproblems.com/257,low_to_medium_candidate,38,medium,archive/v1/reviews/problem_257.json
260,open,26,low_candidate,irrationality,irrationality,no,yes,N/A,results/problems/irrationality/problem_260.md,https://www.erdosproblems.com/260,low_to_medium_candidate,42,medium,archive/v1/reviews/problem_260.json
261,open,32,low_candidate,number theory,number theory,no,no,N/A,results/problems/number-theory/problem_261.md,https://www.erdosproblems.com/261,medium_candidate,67,medium,archive/v1/reviews/problem_261.json
263,open,34,low_candidate,irrationality,irrationality,no,yes,N/A,results/problems/irrationality/problem_263.md,https://www.erdosproblems.com/263,low_to_medium_candidate,42,medium,archive/v1/reviews/problem_263.json
264,open,26,low_candidate,irrationality,irrationality,no,yes,N/A,results/problems/irrationality/problem_264.md,https://www.erdosproblems.com/264,medium_candidate,58,medium,archive/v1/reviews/problem_264.json
265,open,24,low_candidate,irrationality,irrationality,no,no,N/A,results/problems/irrationality/problem_265.md,https://www.erdosproblems.com/265,low_to_medium_candidate,42,medium,archive/v1/reviews/problem_265.json
267,open,35,low_candidate,irrationality,irrationality,no,yes,N/A,results/problems/irrationality/problem_267.md,https://www.erdosproblems.com/267,medium_candidate,61,medium,archive/v1/reviews/problem_267.json
269,open,29,low_candidate,irrationality,irrationality,no,yes,N/A,results/problems/irrationality/problem_269.md,https://www.erdosproblems.com/269,medium_candidate,58,medium,archive/v1/reviews/problem_269.json
271,open,25,low_candidate,additive combinatorics,additive combinatorics; arithmetic progressions,no,no,A005487,results/problems/additive-combinatorics/problem_271.md,https://www.erdosproblems.com/271,low_to_medium_candidate,42,medium,archive/v1/reviews/problem_271.json
272,open,20,low_candidate,additive combinatorics,additive combinatorics; arithmetic progressions,no,yes,possible,results/problems/additive-combinatorics/problem_272.md,https://www.erdosproblems.com/272,medium_candidate,58,medium,archive/v1/reviews/problem_272.json
273,open,35,low_candidate,number theory,number theory; covering systems,no,yes,N/A,results/problems/number-theory/problem_273.md,https://www.erdosproblems.com/273,medium_candidate,62,medium,archive/v1/reviews/problem_273.json
274,open,45,low_to_medium_candidate,group theory,group theory; covering systems,no,yes,N/A,results/problems/group-theory/problem_274.md,https://www.erdosproblems.com/274,medium_candidate,58,medium,archive/v1/reviews/problem_274.json
276,open,44,low_to_medium_candidate,number theory,number theory; covering systems,no,yes,N/A,results/problems/number-theory/problem_276.md,https://www.erdosproblems.com/276,medium_candidate,62,medium,archive/v1/reviews/problem_276.json
278,open,31,low_candidate,number theory,number theory; covering systems,no,no,N/A,results/problems/number-theory/problem_278.md,https://www.erdosproblems.com/278,medium_candidate,62,medium,archive/v1/reviews/problem_278.json
279,open,18,low_candidate,number theory,number theory; covering systems; primes,no,no,N/A,results/problems/number-theory/problem_279.md,https://www.erdosproblems.com/279,low_to_medium_candidate,42,medium,archive/v1/reviews/problem_279.json
282,open,42,low_to_medium_candidate,number theory,number theory; unit fractions,no,yes,N/A,results/problems/number-theory/problem_282.md,https://www.erdosproblems.com/282,low_to_medium_candidate,42,medium,archive/v1/reviews/problem_282.json
287,falsifiable,56,medium_candidate,number theory,number theory; unit fractions,no,no,N/A,results/problems/number-theory/problem_287.md,https://www.erdosproblems.com/287,low_to_medium_candidate,42,medium,archive/v1/reviews/problem_287.json
288,open,42,low_to_medium_candidate,number theory,number theory; unit fractions,no,yes,N/A,results/problems/number-theory/problem_288.md,https://www.erdosproblems.com/288,low_to_medium_candidate,38,medium,archive/v1/reviews/problem_288.json
289,open,36,low_candidate,number theory,number theory; unit fractions,no,yes,N/A,results/problems/number-theory/problem_289.md,https://www.erdosproblems.com/289,low_to_medium_candidate,42,medium,archive/v1/reviews/problem_289.json
291,open,32,low_candidate,number theory,number theory; unit fractions,no,no,A110566,results/problems/number-theory/problem_291.md,https://www.erdosproblems.com/291,medium_candidate,58,medium,archive/v1/reviews/problem_291.json
293,open,25,low_candidate,number theory,number theory; unit fractions,no,no,possible,results/problems/number-theory/problem_293.md,https://www.erdosproblems.com/293,low_to_medium_candidate,45,medium,archive/v1/reviews/problem_293.json
295,open,37,low_candidate,number theory,number theory; unit fractions,no,yes,A192881,results/problems/number-theory/problem_295.md,https://www.erdosproblems.com/295,medium_candidate,58,medium,archive/v1/reviews/problem_295.json
301,open,32,low_candidate,number theory,number theory; unit fractions,no,no,A390394,results/problems/number-theory/problem_301.md,https://www.erdosproblems.com/301,medium_candidate,63,medium,archive/v1/reviews/problem_301.json
302,open,35,low_candidate,number theory,number theory; unit fractions,no,no,A390395,results/problems/number-theory/problem_302.md,https://www.erdosproblems.com/302,medium_candidate,62,medium,archive/v1/reviews/problem_302.json
304,open,34,low_candidate,number theory,number theory; unit fractions,no,yes,A097847; A097849,results/problems/number-theory/problem_304.md,https://www.erdosproblems.com/304,low_to_medium_candidate,45,medium,archive/v1/reviews/problem_304.json
306,open,30,low_candidate,number theory,number theory; unit fractions,no,yes,N/A,results/problems/number-theory/problem_306.md,https://www.erdosproblems.com/306,low_to_medium_candidate,38,medium,archive/v1/reviews/problem_306.json
307,verifiable,64,medium_candidate,number theory,number theory; unit fractions,no,yes,N/A,results/problems/number-theory/problem_307.md,https://www.erdosproblems.com/307,medium_candidate,62,medium,archive/v1/reviews/problem_307.json
311,open,28,low_candidate,number theory,number theory; unit fractions,no,no,N/A,results/problems/number-theory/problem_311.md,https://www.erdosproblems.com/311,low_to_medium_candidate,38,medium,archive/v1/reviews/problem_311.json
312,open,38,low_to_medium_candidate,number theory,number theory; unit fractions,no,yes,N/A,results/problems/number-theory/problem_312.md,https://www.erdosproblems.com/312,low_to_medium_candidate,42,medium,archive/v1/reviews/problem_312.json
313,open,37,low_candidate,number theory,number theory; unit fractions,no,yes,A054377,results/problems/number-theory/problem_313.md,https://www.erdosproblems.com/313,low_to_medium_candidate,38,medium,archive/v1/reviews/problem_313.json
317,open,32,low_candidate,number theory,number theory; unit fractions,no,yes,N/A,results/problems/number-theory/problem_317.md,https://www.erdosproblems.com/317,low_to_medium_candidate,42,medium,archive/v1/reviews/problem_317.json
319,open,30,low_candidate,number theory,number theory; unit fractions,no,yes,possible,results/problems/number-theory/problem_319.md,https://www.erdosproblems.com/319,medium_candidate,62,medium,archive/v1/reviews/problem_319.json
320,open,35,low_candidate,number theory,number theory; unit fractions,no,no,A072207,results/problems/number-theory/problem_320.md,https://www.erdosproblems.com/320,low_to_medium_candidate,42,medium,archive/v1/reviews/problem_320.json
321,open,40,low_to_medium_candidate,number theory,number theory; unit fractions,no,yes,A384927; A391592,results/problems/number-theory/problem_321.md,https://www.erdosproblems.com/321,low_to_medium_candidate,45,medium,archive/v1/reviews/problem_321.json
322,open,23,low_candidate,number theory,number theory; powers,no,no,A025456; A025418,results/problems/number-theory/problem_322.md,https://www.erdosproblems.com/322,low_to_medium_candidate,38,medium,archive/v1/reviews/problem_322.json
323,open,23,low_candidate,number theory,number theory; powers,no,yes,possible,results/problems/number-theory/problem_323.md,https://www.erdosproblems.com/323,low_to_medium_candidate,35,medium,archive/v1/reviews/problem_323.json
324,open,34,low_candidate,number theory,number theory; powers,no,yes,N/A,results/problems/number-theory/problem_324.md,https://www.erdosproblems.com/324,low_to_medium_candidate,38,medium,archive/v1/reviews/problem_324.json
325,open,29,low_candidate,number theory,number theory; powers,no,yes,possible,results/problems/number-theory/problem_325.md,https://www.erdosproblems.com/325,low_to_medium_candidate,38,medium,archive/v1/reviews/problem_325.json
326,open,40,low_to_medium_candidate,number theory,number theory; additive basis,no,yes,N/A,results/problems/number-theory/problem_326.md,https://www.erdosproblems.com/326,low_to_medium_candidate,43,medium,archive/v1/reviews/problem_326.json
327,open,32,low_candidate,number theory,number theory; unit fractions,no,no,A384927,results/problems/number-theory/problem_327.md,https://www.erdosproblems.com/327,low_to_medium_candidate,56,medium,archive/v1/reviews/problem_327.json
329,open,34,low_candidate,number theory,number theory,no,yes,possible,results/problems/number-theory/problem_329.md,https://www.erdosproblems.com/329,low_to_medium_candidate,42,medium,archive/v1/reviews/problem_329.json
332,open,35,low_candidate,number theory,number theory,no,yes,N/A,results/problems/number-theory/problem_332.md,https://www.erdosproblems.com/332,medium_candidate,62,medium,archive/v1/reviews/problem_332.json
334,open,24,low_candidate,number theory,number theory,no,no,A062241; A045535,results/problems/number-theory/problem_334.md,https://www.erdosproblems.com/334,low_to_medium_candidate,38,medium,archive/v1/reviews/problem_334.json
335,open,24,low_candidate,number theory,number theory; additive combinatorics,no,no,N/A,results/problems/number-theory/problem_335.md,https://www.erdosproblems.com/335,low_to_medium_candidate,42,medium,archive/v1/reviews/problem_335.json
336,open,33,low_candidate,number theory,number theory; additive basis,no,no,possible,results/problems/number-theory/problem_336.md,https://www.erdosproblems.com/336,low_to_medium_candidate,38,medium,archive/v1/reviews/problem_336.json
338,open,33,low_candidate,number theory,number theory; additive basis,no,no,N/A,results/problems/number-theory/problem_338.md,https://www.erdosproblems.com/338,low_to_medium_candidate,42,medium,archive/v1/reviews/problem_338.json
340,open,24,low_candidate,number theory,number theory; additive combinatorics; sidon sets,no,yes,A080200; A005282,results/problems/number-theory/problem_340.md,https://www.erdosproblems.com/340,low_to_medium_candidate,38,medium,archive/v1/reviews/problem_340.json
341,open,35,low_candidate,number theory,number theory,no,yes,N/A,results/problems/number-theory/problem_341.md,https://www.erdosproblems.com/341,low_to_medium_candidate,38,medium,archive/v1/reviews/problem_341.json
342,open,36,low_candidate,number theory,number theory,no,yes,A002858,results/problems/number-theory/problem_342.md,https://www.erdosproblems.com/342,low_to_medium_candidate,42,medium,archive/v1/reviews/problem_342.json
345,open,34,low_candidate,number theory,number theory; complete sequences,no,no,A001661,results/problems/number-theory/problem_345.md,https://www.erdosproblems.com/345,low_to_medium_candidate,42,medium,archive/v1/reviews/problem_345.json
346,open,34,low_candidate,number theory,number theory; complete sequences,no,yes,N/A,results/problems/number-theory/problem_346.md,https://www.erdosproblems.com/346,medium_candidate,60,medium,archive/v1/reviews/problem_346.json
348,open,40,low_to_medium_candidate,number theory,number theory; complete sequences,no,yes,N/A,results/problems/number-theory/problem_348.md,https://www.erdosproblems.com/348,medium_candidate,6,medium,archive/v1/reviews/problem_348.json
349,open,35,low_candidate,number theory,number theory; complete sequences,no,yes,N/A,results/problems/number-theory/problem_349.md,https://www.erdosproblems.com/349,low_to_medium_candidate,38,medium,archive/v1/reviews/problem_349.json
352,open,34,low_candidate,geometry,geometry,no,yes,N/A,results/problems/geometry/problem_352.md,https://www.erdosproblems.com/352,low_to_medium_candidate,46,medium,archive/v1/reviews/problem_352.json
354,open,32,low_candidate,number theory,number theory,no,yes,N/A,results/problems/number-theory/problem_354.md,https://www.erdosproblems.com/354,medium_candidate,6,medium,archive/v1/reviews/problem_354.json
357,open,30,low_candidate,number theory,number theory,no,yes,A364132; A364153; possible,results/problems/number-theory/problem_357.md,https://www.erdosproblems.com/357,low_to_medium_candidate,42,medium,archive/v1/reviews/problem_357.json
359,open,29,low_candidate,number theory,number theory,no,yes,A002048,results/problems/number-theory/problem_359.md,https://www.erdosproblems.com/359,medium_candidate,58,medium,archive/v1/reviews/problem_359.json
361,open,32,low_candidate,number theory,number theory,no,yes,possible,results/problems/number-theory/problem_361.md,https://www.erdosproblems.com/361,medium_candidate,57,medium,archive/v1/reviews/problem_361.json
364,verifiable,67,medium_candidate,number theory,number theory,no,yes,A060355; A076445,results/problems/number-theory/problem_364.md,https://www.erdosproblems.com/364,low_to_medium_candidate,34,medium,archive/v1/reviews/problem_364.json
365,open,36,low_candidate,number theory,number theory,no,no,A060355; A060859; A175155,results/problems/number-theory/problem_365.md,https://www.erdosproblems.com/365,low_to_medium_candidate,42,medium,archive/v1/reviews/problem_365.json
366,verifiable,70,high_candidate,number theory,number theory,no,yes,A060355,results/problems/number-theory/problem_366.md,https://www.erdosproblems.com/366,low_to_medium_candidate,42,medium,archive/v1/reviews/problem_366.json
367,open,21,low_candidate,number theory,number theory,no,no,A057521,results/problems/number-theory/problem_367.md,https://www.erdosproblems.com/367,low_to_medium_candidate,42,medium,archive/v1/reviews/problem_367.json
368,open,25,low_candidate,number theory,number theory,no,no,A074399,results/problems/number-theory/problem_368.md,https://www.erdosproblems.com/368,low_to_medium_candidate,42,medium,archive/v1/reviews/problem_368.json
371,open,24,low_candidate,number theory,number theory,no,yes,A070089,results/problems/number-theory/problem_371.md,https://www.erdosproblems.com/371,low_to_medium_candidate,38,medium,archive/v1/reviews/problem_371.json
373,open,36,low_candidate,number theory,number theory; factorials,no,yes,A003135,results/problems/number-theory/problem_373.md,https://www.erdosproblems.com/373,low_to_medium_candidate,38,medium,archive/v1/reviews/problem_373.json
374,open,22,low_candidate,number theory,number theory,no,no,A388851; A387184; A389117; A389148,results/problems/number-theory/problem_374.md,https://www.erdosproblems.com/374,medium_candidate,64,medium,archive/v1/reviews/problem_374.json
375,falsifiable,45,low_to_medium_candidate,number theory,number theory,no,yes,N/A,results/problems/number-theory/problem_375.md,https://www.erdosproblems.com/375,low_to_medium_candidate,32,medium,archive/v1/reviews/problem_375.json
376,open,34,low_candidate,number theory,number theory; binomial coefficients; base representations,no,yes,A030979,results/problems/number-theory/problem_376.md,https://www.erdosproblems.com/376,low_to_medium_candidate,38,medium,archive/v1/reviews/problem_376.json
377,open,26,low_candidate,number theory,number theory; binomial coefficients,no,yes,N/A,results/problems/number-theory/problem_377.md,https://www.erdosproblems.com/377,low_to_medium_candidate,42,medium,archive/v1/reviews/problem_377.json
382,open,21,low_candidate,number theory,number theory,no,no,A388850,results/problems/number-theory/problem_382.md,https://www.erdosproblems.com/382,low_to_medium_candidate,42,medium,archive/v1/reviews/problem_382.json
383,open,29,low_candidate,number theory,number theory,no,yes,N/A,results/problems/number-theory/problem_383.md,https://www.erdosproblems.com/383,low_to_medium_candidate,38,medium,archive/v1/reviews/problem_383.json
385,open,30,low_candidate,number theory,number theory,no,yes,A322292,results/problems/number-theory/problem_385.md,https://www.erdosproblems.com/385,low_to_medium_candidate,42,medium,archive/v1/reviews/problem_385.json
386,open,40,low_to_medium_candidate,number theory,number theory; binomial coefficients,no,yes,A280992,results/problems/number-theory/problem_386.md,https://www.erdosproblems.com/386,low_to_medium_candidate,42,medium,archive/v1/reviews/problem_386.json
387,open,37,low_candidate,number theory,number theory; binomial coefficients,no,yes,N/A,results/problems/number-theory/problem_387.md,https://www.erdosproblems.com/387,low_to_medium_candidate,48,medium,archive/v1/reviews/problem_387.json
388,open,35,low_candidate,number theory,number theory,no,no,N/A,results/problems/number-theory/problem_388.md,https://www.erdosproblems.com/388,low_to_medium_candidate,42,medium,archive/v1/reviews/problem_388.json
389,open,39,low_to_medium_candidate,number theory,number theory,no,yes,A375071,results/problems/number-theory/problem_389.md,https://www.erdosproblems.com/389,low_to_medium_candidate,43,medium,archive/v1/reviews/problem_389.json
390,open,35,low_candidate,number theory,number theory; factorials,no,yes,A193429,results/problems/number-theory/problem_390.md,https://www.erdosproblems.com/390,medium_candidate,58,medium,archive/v1/reviews/problem_390.json
393,open,28,low_candidate,number theory,number theory; factorials,no,no,A388302,results/problems/number-theory/problem_393.md,https://www.erdosproblems.com/393,low_to_medium_candidate,38,medium,archive/v1/reviews/problem_393.json
394,open,27,low_candidate,number theory,number theory,no,yes,A344005,results/problems/number-theory/problem_394.md,https://www.erdosproblems.com/394,low_to_medium_candidate,42,medium,archive/v1/reviews/problem_394.json
396,open,40,low_to_medium_candidate,number theory,number theory; binomial coefficients,no,yes,A375077,results/problems/number-theory/problem_396.md,https://www.erdosproblems.com/396,medium_candidate,62,medium,archive/v1/reviews/problem_396.json
398,falsifiable,61,medium_candidate,number theory,number theory; factorials,no,yes,A146968; A141399,results/problems/number-theory/problem_398.md,https://www.erdosproblems.com/398,low_to_medium_candidate,38,high,archive/v1/reviews/problem_398.json
400,open,25,low_candidate,number theory,number theory; factorials,no,yes,possible,results/problems/number-theory/problem_400.md,https://www.erdosproblems.com/400,medium_candidate,58,medium,archive/v1/reviews/problem_400.json
404,open,23,low_candidate,number theory,number theory; factorials,no,no,N/A,results/problems/number-theory/problem_404.md,https://www.erdosproblems.com/404,medium_candidate,60,medium,archive/v1/reviews/problem_404.json
406,open,38,low_to_medium_candidate,number theory,number theory; base representations,no,yes,N/A,results/problems/number-theory/problem_406.md,https://www.erdosproblems.com/406,low_to_medium_candidate,35,medium,archive/v1/reviews/problem_406.json
408,open,22,low_candidate,number theory,number theory; iterated functions,no,no,A049108,results/problems/number-theory/problem_408.md,https://www.erdosproblems.com/408,low_to_medium_candidate,43,medium,archive/v1/reviews/problem_408.json
409,open,32,low_candidate,number theory,number theory; iterated functions,no,yes,A039651; A229487,results/problems/number-theory/problem_409.md,https://www.erdosproblems.com/409,medium_candidate,62,medium,archive/v1/reviews/problem_409.json
410,open,36,low_candidate,number theory,number theory; iterated functions,no,yes,A007497; possible,results/problems/number-theory/problem_410.md,https://www.erdosproblems.com/410,medium_candidate,62,medium,archive/v1/reviews/problem_410.json
411,open,25,low_candidate,number theory,number theory; iterated functions,no,no,A383044; possible,results/problems/number-theory/problem_411.md,https://www.erdosproblems.com/411,medium_candidate,58,medium,archive/v1/reviews/problem_411.json
412,open,36,low_candidate,number theory,number theory; iterated functions,no,yes,A007497; A051572,results/problems/number-theory/problem_412.md,https://www.erdosproblems.com/412,low_to_medium_candidate,34,medium,archive/v1/reviews/problem_412.json
413,open,32,low_candidate,number theory,number theory; iterated functions,no,yes,A005236,results/problems/number-theory/problem_413.md,https://www.erdosproblems.com/413,medium_candidate,63,medium,archive/v1/reviews/problem_413.json
414,open,36,low_candidate,number theory,number theory; iterated functions,no,yes,A064491; possible,results/problems/number-theory/problem_414.md,https://www.erdosproblems.com/414,low_to_medium_candidate,45,medium,archive/v1/reviews/problem_414.json
415,open,21,low_candidate,number theory,number theory,no,no,possible,results/problems/number-theory/problem_415.md,https://www.erdosproblems.com/415,medium_candidate,64,high,archive/v1/reviews/problem_415.json
416,open,32,low_candidate,number theory,number theory,no,yes,A264810,results/problems/number-theory/problem_416.md,https://www.erdosproblems.com/416,low_to_medium_candidate,38,medium,archive/v1/reviews/problem_416.json
417,open,39,low_to_medium_candidate,number theory,number theory,no,yes,A264810; A061070,results/problems/number-theory/problem_417.md,https://www.erdosproblems.com/417,low_to_medium_candidate,38,medium,archive/v1/reviews/problem_417.json
420,open,18,low_candidate,number theory,number theory,no,no,N/A,results/problems/number-theory/problem_420.md,https://www.erdosproblems.com/420,low_to_medium_candidate,42,medium,archive/v1/reviews/problem_420.json
421,open,37,low_candidate,number theory,number theory,no,yes,A389544; A390848,results/problems/number-theory/problem_421.md,https://www.erdosproblems.com/421,medium_candidate,58,medium,archive/v1/reviews/problem_421.json
422,open,39,low_to_medium_candidate,number theory,number theory,no,yes,A005185,results/problems/number-theory/problem_422.md,https://www.erdosproblems.com/422,low_to_medium_candidate,42,medium,archive/v1/reviews/problem_422.json
423,open,25,low_candidate,number theory,number theory,no,no,A005243,results/problems/number-theory/problem_423.md,https://www.erdosproblems.com/423,medium_candidate,68,medium,archive/v1/reviews/problem_423.json
424,open,32,low_candidate,number theory,number theory,no,yes,A005244,results/problems/number-theory/problem_424.md,https://www.erdosproblems.com/424,low_to_medium_candidate,42,medium,archive/v1/reviews/problem_424.json
425,open,22,low_candidate,number theory,number theory; sidon sets,no,no,possible,results/problems/number-theory/problem_425.md,https://www.erdosproblems.com/425,low_to_medium_candidate,42,medium,archive/v1/reviews/problem_425.json
428,open,25,low_candidate,number theory,number theory; primes,no,yes,N/A,results/problems/number-theory/problem_428.md,https://www.erdosproblems.com/428,medium_candidate,48,medium,archive/v1/reviews/problem_428.json
430,open,15,low_candidate,number theory,number theory,no,no,possible,results/problems/number-theory/problem_430.md,https://www.erdosproblems.com/430,low_to_medium_candidate,42,medium,archive/v1/reviews/problem_430.json
431,open,18,low_candidate,number theory,number theory; primes,no,no,N/A,results/problems/number-theory/problem_431.md,https://www.erdosproblems.com/431,low_to_medium_candidate,28,medium,archive/v1/reviews/problem_431.json
432,open,27,low_candidate,number theory,number theory,no,no,N/A,results/problems/number-theory/problem_432.md,https://www.erdosproblems.com/432,low_to_medium_candidate,48,medium,archive/v1/reviews/problem_432.json
436,open,31,low_candidate,number theory,number theory,no,no,A000445; possible,results/problems/number-theory/problem_436.md,https://www.erdosproblems.com/436,medium_candidate,62,medium,archive/v1/reviews/problem_436.json
445,open,26,low_candidate,number theory,number theory,no,yes,N/A,results/problems/number-theory/problem_445.md,https://www.erdosproblems.com/445,low_to_medium_candidate,38,medium,archive/v1/reviews/problem_445.json
450,open,21,low_candidate,number theory,number theory; divisors,no,no,N/A,results/problems/number-theory/problem_450.md,https://www.erdosproblems.com/450,low_to_medium_candidate,42,medium,archive/v1/reviews/problem_450.json
451,open,25,low_candidate,number theory,number theory,no,no,A386620,results/problems/number-theory/problem_451.md,https://www.erdosproblems.com/451,medium_candidate,62,medium,archive/v1/reviews/problem_451.json
452,open,15,low_candidate,number theory,number theory,no,no,possible,results/problems/number-theory/problem_452.md,https://www.erdosproblems.com/452,low_to_medium_candidate,38,medium,archive/v1/reviews/problem_452.json
454,open,27,low_candidate,number theory,number theory; primes,no,yes,A389676; A389677,results/problems/number-theory/problem_454.md,https://www.erdosproblems.com/454,low_to_medium_candidate,40,medium,archive/v1/reviews/problem_454.json
455,open,23,low_candidate,number theory,number theory,no,yes,N/A,results/problems/number-theory/problem_455.md,https://www.erdosproblems.com/455,low_to_medium_candidate,43,medium,archive/v1/reviews/problem_455.json
456,open,21,low_candidate,number theory,number theory,no,no,possible,results/problems/number-theory/problem_456.md,https://www.erdosproblems.com/456,low_to_medium_candidate,42,medium,archive/v1/reviews/problem_456.json
458,falsifiable,52,low_to_medium_candidate,number theory,number theory; primes,no,yes,A056604,results/problems/number-theory/problem_458.md,https://www.erdosproblems.com/458,low_to_medium_candidate,45,medium,archive/v1/reviews/problem_458.json
460,open,20,low_candidate,number theory,number theory,no,no,N/A,results/problems/number-theory/problem_460.md,https://www.erdosproblems.com/460,low_to_medium_candidate,42,medium,archive/v1/reviews/problem_460.json
461,open,15,low_candidate,number theory,number theory; primes,no,no,possible,results/problems/number-theory/problem_461.md,https://www.erdosproblems.com/461,low_to_medium_candidate,41,medium,archive/v1/reviews/problem_461.json
462,open,19,low_candidate,number theory,number theory; primes,no,no,A032742; possible,results/problems/number-theory/problem_462.md,https://www.erdosproblems.com/462,low_to_medium_candidate,42,medium,archive/v1/reviews/problem_462.json
463,open,25,low_candidate,number theory,number theory; primes,no,yes,possible,results/problems/number-theory/problem_463.md,https://www.erdosproblems.com/463,low_to_medium_candidate,38,medium,archive/v1/reviews/problem_463.json
467,open,18,low_candidate,number theory,number theory,no,no,N/A,results/problems/number-theory/problem_467.md,https://www.erdosproblems.com/467,low_to_medium_candidate,43,medium,archive/v1/reviews/problem_467.json
468,open,25,low_candidate,number theory,number theory; divisors,no,no,A167485; A387502; A387503,results/problems/number-theory/problem_468.md,https://www.erdosproblems.com/468,medium_candidate,58,medium,archive/v1/reviews/problem_468.json
469,open,33,low_candidate,number theory,number theory; divisors,no,yes,A006036; A119425; possible,results/problems/number-theory/problem_469.md,https://www.erdosproblems.com/469,medium_candidate,61,medium,archive/v1/reviews/problem_469.json
470,open,27,low_candidate,number theory,number theory; divisors,$10,yes,A006037; A002975,results/problems/number-theory/problem_470.md,https://www.erdosproblems.com/470,medium_candidate,55,medium,archive/v1/reviews/problem_470.json
472,open,30,low_candidate,number theory,number theory,no,no,A389713; possible,results/problems/number-theory/problem_472.md,https://www.erdosproblems.com/472,medium_candidate,62,medium,archive/v1/reviews/problem_472.json
474,not provable,9,not_applicable_meta_mathematical,set theory,set theory; ramsey theory,$100,no,N/A,results/problems/set-theory/problem_474.md,https://www.erdosproblems.com/474,low_candidate,22,medium,archive/v1/reviews/problem_474.json
475,decidable,59,medium_candidate,number theory,number theory; additive combinatorics,no,no,N/A,results/problems/number-theory/problem_475.md,https://www.erdosproblems.com/475,medium_candidate,68,medium,archive/v1/reviews/problem_475.json
477,open,39,low_to_medium_candidate,number theory,number theory,no,yes,N/A,results/problems/number-theory/problem_477.md,https://www.erdosproblems.com/477,medium_candidate,62,medium,archive/v1/reviews/problem_477.json
478,open,19,low_candidate,number theory,number theory; factorials,no,no,A210184,results/problems/number-theory/problem_478.md,https://www.erdosproblems.com/478,low_to_medium_candidate,34,medium,archive/v1/reviews/problem_478.json
479,open,41,low_to_medium_candidate,number theory,number theory,no,yes,A036236; A015919; A050259; A015921; A006521; A006517; A015940,results/problems/number-theory/problem_479.md,https://www.erdosproblems.com/479,low_to_medium_candidate,38,medium,archive/v1/reviews/problem_479.json
483,open,32,low_candidate,number theory,number theory; additive combinatorics; ramsey theory,no,no,A030126,results/problems/number-theory/problem_483.md,https://www.erdosproblems.com/483,low_to_medium_candidate,42,medium,archive/v1/reviews/problem_483.json
486,open,26,low_candidate,number theory,number theory; primitive sets,no,yes,N/A,results/problems/number-theory/problem_486.md,https://www.erdosproblems.com/486,low_to_medium_candidate,45,medium,archive/v1/reviews/problem_486.json
488,falsifiable,59,medium_candidate,number theory,number theory,no,yes,N/A,results/problems/number-theory/problem_488.md,https://www.erdosproblems.com/488,medium_candidate,72,medium,archive/v1/reviews/problem_488.json
489,open,29,low_candidate,number theory,number theory,no,yes,N/A,results/problems/number-theory/problem_489.md,https://www.erdosproblems.com/489,medium_candidate,62,medium,archive/v1/reviews/problem_489.json
495,open,29,low_candidate,diophantine approximation,diophantine approximation; number theory,no,yes,N/A,results/problems/diophantine-approximation/problem_495.md,https://www.erdosproblems.com/495,low_candidate,12,high,archive/v1/reviews/problem_495.json
500,open,39,low_to_medium_candidate,graph theory,graph theory; hypergraphs; turan number,$500,no,A140462,results/problems/graph-theory/problem_500.md,https://www.erdosproblems.com/500,low_to_medium_candidate,38,medium,archive/v1/reviews/problem_500.json
501,open,36,low_candidate,combinatorics,combinatorics; set theory,no,yes,N/A,results/problems/combinatorics/problem_501.md,https://www.erdosproblems.com/501,low_to_medium_candidate,45,medium,archive/v1/reviews/problem_501.json
503,open,35,low_candidate,geometry,geometry; distances,no,yes,A175769,results/problems/geometry/problem_503.md,https://www.erdosproblems.com/503,medium_candidate,64,medium,archive/v1/reviews/problem_503.json
506,decidable,63,medium_candidate,geometry,geometry,no,no,possible,results/problems/geometry/problem_506.md,https://www.erdosproblems.com/506,medium_candidate,62,medium,archive/v1/reviews/problem_506.json
507,open,23,low_candidate,geometry,geometry,no,yes,N/A,results/problems/geometry/problem_507.md,https://www.erdosproblems.com/507,low_to_medium_candidate,38,medium,archive/v1/reviews/problem_507.json
508,open,48,low_to_medium_candidate,geometry,geometry; ramsey theory,no,yes,N/A,results/problems/geometry/problem_508.md,https://www.erdosproblems.com/508,low_to_medium_candidate,42,medium,archive/v1/reviews/problem_508.json
509,open,32,low_candidate,analysis,analysis,no,yes,N/A,results/problems/analysis/problem_509.md,https://www.erdosproblems.com/509,medium_candidate,60,medium,archive/v1/reviews/problem_509.json
510,open,34,low_candidate,analysis,analysis,no,yes,N/A,results/problems/analysis/problem_510.md,https://www.erdosproblems.com/510,medium_candidate,58,medium,archive/v1/reviews/problem_510.json
513,open,29,low_candidate,analysis,analysis,no,yes,N/A,results/problems/analysis/problem_513.md,https://www.erdosproblems.com/513,medium_candidate,58,medium,archive/v1/reviews/problem_513.json
514,open,29,low_candidate,analysis,analysis,no,no,N/A,results/problems/analysis/problem_514.md,https://www.erdosproblems.com/514,medium_candidate,62,medium,archive/v1/reviews/problem_514.json
517,open,35,low_candidate,analysis,analysis,no,yes,N/A,results/problems/analysis/problem_517.md,https://www.erdosproblems.com/517,low_to_medium_candidate,38,medium,archive/v1/reviews/problem_517.json
520,open,26,low_candidate,number theory,number theory; probability,no,yes,N/A,results/problems/number-theory/problem_520.md,https://www.erdosproblems.com/520,low_to_medium_candidate,32,medium,archive/v1/reviews/problem_520.json
521,open,32,low_candidate,analysis,analysis; polynomials; probability,no,no,N/A,results/problems/analysis/problem_521.md,https://www.erdosproblems.com/521,medium_candidate,68,medium,archive/v1/reviews/problem_521.json
522,open,37,low_candidate,analysis,analysis; polynomials; probability,no,yes,N/A,results/problems/analysis/problem_522.md,https://www.erdosproblems.com/522,medium_candidate,58,medium,archive/v1/reviews/problem_522.json
524,open,35,low_candidate,analysis,analysis; probability; polynomials,no,no,N/A,results/problems/analysis/problem_524.md,https://www.erdosproblems.com/524,medium_candidate,56,medium,archive/v1/reviews/problem_524.json
528,open,28,low_candidate,geometry,geometry,no,no,A387897; A156816,results/problems/geometry/problem_528.md,https://www.erdosproblems.com/528,low_to_medium_candidate,32,high,archive/v1/reviews/problem_528.json
529,open,25,low_candidate,geometry,geometry; probability,no,no,N/A,results/problems/geometry/problem_529.md,https://www.erdosproblems.com/529,low_candidate,25,high,archive/v1/reviews/problem_529.json
530,open,27,low_candidate,number theory,number theory; sidon sets,no,no,A143824; possible,results/problems/number-theory/problem_530.md,https://www.erdosproblems.com/530,low_to_medium_candidate,42,medium,archive/v1/reviews/problem_530.json
531,open,34,low_candidate,number theory,number theory; ramsey theory,no,no,possible,results/problems/number-theory/problem_531.md,https://www.erdosproblems.com/531,low_to_medium_candidate,42,medium,archive/v1/reviews/problem_531.json
535,open,29,low_candidate,number theory,number theory,no,yes,possible,results/problems/number-theory/problem_535.md,https://www.erdosproblems.com/535,low_to_medium_candidate,42,medium,archive/v1/reviews/problem_535.json
536,open,23,low_candidate,number theory,number theory,no,yes,possible,results/problems/number-theory/problem_536.md,https://www.erdosproblems.com/536,medium_candidate,58,medium,archive/v1/reviews/problem_536.json
538,open,21,low_candidate,number theory,number theory,no,no,N/A,results/problems/number-theory/problem_538.md,https://www.erdosproblems.com/538,medium_candidate,58,medium,archive/v1/reviews/problem_538.json
539,open,29,low_candidate,number theory,number theory,no,yes,possible,results/problems/number-theory/problem_539.md,https://www.erdosproblems.com/539,low_to_medium_candidate,45,medium,archive/v1/reviews/problem_539.json
544,open,42,low_to_medium_candidate,graph theory,graph theory; ramsey theory,no,no,A000791,results/problems/graph-theory/problem_544.md,https://www.erdosproblems.com/544,low_to_medium_candidate,38,medium,archive/v1/reviews/problem_544.json
545,open,45,low_to_medium_candidate,graph theory,graph theory; ramsey theory,no,no,A059442; possible,results/problems/graph-theory/problem_545.md,https://www.erdosproblems.com/545,high_candidate,82,medium,archive/v1/reviews/problem_545.json
547,decidable,76,high_candidate,graph theory,graph theory; ramsey theory,no,no,N/A,results/problems/graph-theory/problem_547.md,https://www.erdosproblems.com/547,medium_candidate,64,medium,archive/v1/reviews/problem_547.json
548,falsifiable,65,medium_candidate,graph theory,graph theory,no,no,N/A,results/problems/graph-theory/problem_548.md,https://www.erdosproblems.com/548,low_to_medium_candidate,38,medium,archive/v1/reviews/problem_548.json
550,open,41,low_to_medium_candidate,graph theory,graph theory; ramsey theory,no,no,N/A,results/problems/graph-theory/problem_550.md,https://www.erdosproblems.com/550,medium_candidate,56,medium,archive/v1/reviews/problem_550.json
551,decidable,77,high_candidate,graph theory,graph theory; ramsey theory,no,no,N/A,results/problems/graph-theory/problem_551.md,https://www.erdosproblems.com/551,medium_candidate,68,medium,archive/v1/reviews/problem_551.json
552,open,39,low_to_medium_candidate,graph theory,graph theory; ramsey theory,no,no,A006672,results/problems/graph-theory/problem_552.md,https://www.erdosproblems.com/552,low_to_medium_candidate,43,medium,archive/v1/reviews/problem_552.json
554,open,41,low_to_medium_candidate,graph theory,graph theory; ramsey theory,no,no,possible,results/problems/graph-theory/problem_554.md,https://www.erdosproblems.com/554,low_to_medium_candidate,30,high,archive/v1/reviews/problem_554.json
555,open,45,low_to_medium_candidate,graph theory,graph theory; ramsey theory,no,no,A389313; possible,results/problems/graph-theory/problem_555.md,https://www.erdosproblems.com/555,low_to_medium_candidate,38,medium,archive/v1/reviews/problem_555.json
556,decidable,81,high_candidate,graph theory,graph theory; ramsey theory,no,no,A389335,results/problems/graph-theory/problem_556.md,https://www.erdosproblems.com/556,medium_candidate,72,medium,archive/v1/reviews/problem_556.json
557,open,44,low_to_medium_candidate,graph theory,graph theory; ramsey theory,no,no,N/A,results/problems/graph-theory/problem_557.md,https://www.erdosproblems.com/557,low_to_medium_candidate,42,medium,archive/v1/reviews/problem_557.json
558,open,44,low_to_medium_candidate,graph theory,graph theory; ramsey theory,no,no,possible,results/problems/graph-theory/problem_558.md,https://www.erdosproblems.com/558,low_to_medium_candidate,38,medium,archive/v1/reviews/problem_558.json
560,open,47,low_to_medium_candidate,graph theory,graph theory; ramsey theory,no,no,possible,results/problems/graph-theory/problem_560.md,https://www.erdosproblems.com/560,low_to_medium_candidate,34,medium,archive/v1/reviews/problem_560.json
561,open,50,low_to_medium_candidate,graph theory,graph theory; ramsey theory,no,no,N/A,results/problems/graph-theory/problem_561.md,https://www.erdosproblems.com/561,low_to_medium_candidate,48,medium,archive/v1/reviews/problem_561.json
562,open,59,medium_candidate,graph theory,graph theory; ramsey theory; hypergraphs,no,yes,possible,results/problems/graph-theory/problem_562.md,https://www.erdosproblems.com/562,low_candidate,22,medium,archive/v1/reviews/problem_562.json
563,open,54,low_to_medium_candidate,graph theory,graph theory; ramsey theory; hypergraphs,no,no,N/A,results/problems/graph-theory/problem_563.md,https://www.erdosproblems.com/563,low_candidate,18,high,archive/v1/reviews/problem_563.json
564,open,57,medium_candidate,graph theory,graph theory; ramsey theory; hypergraphs,$500,yes,possible,results/problems/graph-theory/problem_564.md,https://www.erdosproblems.com/564,low_to_medium_candidate,34,medium,archive/v1/reviews/problem_564.json
566,open,46,low_to_medium_candidate,graph theory,graph theory; ramsey theory,no,yes,N/A,results/problems/graph-theory/problem_566.md,https://www.erdosproblems.com/566,low_to_medium_candidate,42,medium,archive/v1/reviews/problem_566.json
567,open,40,low_to_medium_candidate,graph theory,graph theory; ramsey theory,no,yes,N/A,results/problems/graph-theory/problem_567.md,https://www.erdosproblems.com/567,medium_candidate,55,medium,archive/v1/reviews/problem_567.json
568,open,41,low_to_medium_candidate,graph theory,graph theory; ramsey theory,no,no,N/A,results/problems/graph-theory/problem_568.md,https://www.erdosproblems.com/568,medium_candidate,63,medium,archive/v1/reviews/problem_568.json
569,open,44,low_to_medium_candidate,graph theory,graph theory; ramsey theory,no,no,N/A,results/problems/graph-theory/problem_569.md,https://www.erdosproblems.com/569,low_to_medium_candidate,45,medium,archive/v1/reviews/problem_569.json
571,open,52,low_to_medium_candidate,graph theory,graph theory; turan number,no,no,N/A,results/problems/graph-theory/problem_571.md,https://www.erdosproblems.com/571,low_to_medium_candidate,32,medium,archive/v1/reviews/problem_571.json
572,open,35,low_candidate,graph theory,graph theory; turan number,no,no,possible,results/problems/graph-theory/problem_572.md,https://www.erdosproblems.com/572,low_to_medium_candidate,34,medium,archive/v1/reviews/problem_572.json
573,open,44,low_to_medium_candidate,graph theory,graph theory; turan number,no,no,A006856,results/problems/graph-theory/problem_573.md,https://www.erdosproblems.com/573,low_to_medium_candidate,36,medium,archive/v1/reviews/problem_573.json
575,open,41,low_to_medium_candidate,graph theory,graph theory; turan number,no,no,N/A,results/problems/graph-theory/problem_575.md,https://www.erdosproblems.com/575,low_to_medium_candidate,43,medium,archive/v1/reviews/problem_575.json
576,open,32,low_candidate,graph theory,graph theory; turan number,no,no,possible,results/problems/graph-theory/problem_576.md,https://www.erdosproblems.com/576,low_to_medium_candidate,42,medium,archive/v1/reviews/problem_576.json
579,open,35,low_candidate,graph theory,graph theory; turan number,no,no,N/A,results/problems/graph-theory/problem_579.md,https://www.erdosproblems.com/579,low_to_medium_candidate,42,medium,archive/v1/reviews/problem_579.json
580,decidable,67,medium_candidate,graph theory,graph theory,no,no,N/A,results/problems/graph-theory/problem_580.md,https://www.erdosproblems.com/580,medium_candidate,68,medium,archive/v1/reviews/problem_580.json
583,falsifiable,62,medium_candidate,graph theory,graph theory,no,no,N/A,results/problems/graph-theory/problem_583.md,https://www.erdosproblems.com/583,low_to_medium_candidate,38,medium,archive/v1/reviews/problem_583.json
584,open,35,low_candidate,graph theory,graph theory; cycles,no,no,N/A,results/problems/graph-theory/problem_584.md,https://www.erdosproblems.com/584,low_to_medium_candidate,42,medium,archive/v1/reviews/problem_584.json
585,open,37,low_candidate,graph theory,graph theory; cycles,no,no,possible,results/problems/graph-theory/problem_585.md,https://www.erdosproblems.com/585,low_to_medium_candidate,38,medium,archive/v1/reviews/problem_585.json
588,open,19,low_candidate,geometry,geometry,$100,no,possible,results/problems/geometry/problem_588.md,https://www.erdosproblems.com/588,low_to_medium_candidate,42,medium,archive/v1/reviews/problem_588.json
589,open,15,low_candidate,geometry,geometry,no,no,possible,results/problems/geometry/problem_589.md,https://www.erdosproblems.com/589,low_to_medium_candidate,42,medium,archive/v1/reviews/problem_589.json
592,open,31,low_candidate,set theory,set theory; ramsey theory,$1000,yes,N/A,results/problems/set-theory/problem_592.md,https://www.erdosproblems.com/592,low_candidate,28,medium,archive/v1/reviews/problem_592.json
593,open,47,low_to_medium_candidate,set theory,set theory; graph theory; hypergraphs; chromatic number,$500,no,N/A,results/problems/set-theory/problem_593.md,https://www.erdosproblems.com/593,low_to_medium_candidate,42,medium,archive/v1/reviews/problem_593.json
595,open,40,low_to_medium_candidate,graph theory,graph theory; set theory,$250,yes,N/A,results/problems/graph-theory/problem_595.md,https://www.erdosproblems.com/595,low_to_medium_candidate,38,medium,archive/v1/reviews/problem_595.json
596,open,44,low_to_medium_candidate,graph theory,graph theory; ramsey theory; set theory,no,no,N/A,results/problems/graph-theory/problem_596.md,https://www.erdosproblems.com/596,low_to_medium_candidate,42,medium,archive/v1/reviews/problem_596.json
597,open,41,low_to_medium_candidate,graph theory,graph theory; ramsey theory; set theory,no,no,N/A,results/problems/graph-theory/problem_597.md,https://www.erdosproblems.com/597,low_to_medium_candidate,38,medium,archive/v1/reviews/problem_597.json
598,open,41,low_to_medium_candidate,set theory,set theory; ramsey theory,no,yes,N/A,results/problems/set-theory/problem_598.md,https://www.erdosproblems.com/598,low_to_medium_candidate,38,medium,archive/v1/reviews/problem_598.json
600,open,34,low_candidate,graph theory,graph theory,no,no,possible,results/problems/graph-theory/problem_600.md,https://www.erdosproblems.com/600,medium_candidate,58,medium,archive/v1/reviews/problem_600.json
601,open,33,low_candidate,graph theory,graph theory; set theory,$500,no,N/A,results/problems/graph-theory/problem_601.md,https://www.erdosproblems.com/601,low_to_medium_candidate,42,medium,archive/v1/reviews/problem_601.json
602,open,47,low_to_medium_candidate,combinatorics,combinatorics; set theory,no,yes,N/A,results/problems/combinatorics/problem_602.md,https://www.erdosproblems.com/602,low_to_medium_candidate,42,medium,archive/v1/reviews/problem_602.json
603,open,39,low_to_medium_candidate,combinatorics,combinatorics; set theory,no,no,N/A,results/problems/combinatorics/problem_603.md,https://www.erdosproblems.com/603,low_to_medium_candidate,42,medium,archive/v1/reviews/problem_603.json
604,open,14,low_candidate,geometry,geometry; distances,$500,no,possible,results/problems/geometry/problem_604.md,https://www.erdosproblems.com/604,low_to_medium_candidate,38,medium,archive/v1/reviews/problem_604.json
609,open,38,low_to_medium_candidate,graph theory,graph theory; ramsey theory,no,no,possible,results/problems/graph-theory/problem_609.md,https://www.erdosproblems.com/609,low_to_medium_candidate,38,medium,archive/v1/reviews/problem_609.json
610,open,31,low_candidate,graph theory,graph theory,no,no,possible,results/problems/graph-theory/problem_610.md,https://www.erdosproblems.com/610,low_to_medium_candidate,38,medium,archive/v1/reviews/problem_610.json
611,open,37,low_candidate,graph theory,graph theory,no,no,N/A,results/problems/graph-theory/problem_611.md,https://www.erdosproblems.com/611,low_to_medium_candidate,42,medium,archive/v1/reviews/problem_611.json
612,open,33,low_candidate,graph theory,graph theory,no,no,N/A,results/problems/graph-theory/problem_612.md,https://www.erdosproblems.com/612,low_to_medium_candidate,42,medium,archive/v1/reviews/problem_612.json
614,open,37,low_candidate,graph theory,graph theory,no,no,possible,results/problems/graph-theory/problem_614.md,https://www.erdosproblems.com/614,medium_candidate,60,medium,archive/v1/reviews/problem_614.json
616,open,40,low_to_medium_candidate,graph theory,graph theory,no,no,N/A,results/problems/graph-theory/problem_616.md,https://www.erdosproblems.com/616,medium_candidate,63,medium,archive/v1/reviews/problem_616.json
617,falsifiable,70,high_candidate,graph theory,graph theory,no,yes,N/A,results/problems/graph-theory/problem_617.md,https://www.erdosproblems.com/617,medium_candidate,55,medium,archive/v1/reviews/problem_617.json
619,open,37,low_candidate,graph theory,graph theory,no,no,N/A,results/problems/graph-theory/problem_619.md,https://www.erdosproblems.com/619,low_to_medium_candidate,52,medium,archive/v1/reviews/problem_619.json
620,open,31,low_candidate,graph theory,graph theory,no,no,possible,results/problems/graph-theory/problem_620.md,https://www.erdosproblems.com/620,low_to_medium_candidate,38,medium,archive/v1/reviews/problem_620.json
623,open,35,low_candidate,set theory,set theory,no,yes,N/A,results/problems/set-theory/problem_623.md,https://www.erdosproblems.com/623,low_to_medium_candidate,38,medium,archive/v1/reviews/problem_623.json
624,open,36,low_candidate,combinatorics,combinatorics,no,yes,possible,results/problems/combinatorics/problem_624.md,https://www.erdosproblems.com/624,low_to_medium_candidate,38,medium,archive/v1/reviews/problem_624.json
625,open,36,low_candidate,graph theory,graph theory; chromatic number,$1000,no,N/A,results/problems/graph-theory/problem_625.md,https://www.erdosproblems.com/625,medium_candidate,72,medium,archive/v1/reviews/problem_625.json
626,open,45,low_to_medium_candidate,graph theory,graph theory; chromatic number; cycles,no,no,possible,results/problems/graph-theory/problem_626.md,https://www.erdosproblems.com/626,low_to_medium_candidate,38,medium,archive/v1/reviews/problem_626.json
627,open,41,low_to_medium_candidate,graph theory,graph theory; chromatic number,no,no,possible,results/problems/graph-theory/problem_627.md,https://www.erdosproblems.com/627,low_to_medium_candidate,37,medium,archive/v1/reviews/problem_627.json
628,falsifiable,69,medium_candidate,graph theory,graph theory; chromatic number,no,no,N/A,results/problems/graph-theory/problem_628.md,https://www.erdosproblems.com/628,low_to_medium_candidate,42,medium,archive/v1/reviews/problem_628.json
629,open,44,low_to_medium_candidate,graph theory,graph theory; chromatic number,no,no,possible,results/problems/graph-theory/problem_629.md,https://www.erdosproblems.com/629,medium_candidate,58,medium,archive/v1/reviews/problem_629.json
634,open,26,low_candidate,geometry,geometry,$25,no,possible,results/problems/geometry/problem_634.md,https://www.erdosproblems.com/634,medium_candidate,58,medium,archive/v1/reviews/problem_634.json
635,open,27,low_candidate,number theory,number theory,no,no,N/A,results/problems/number-theory/problem_635.md,https://www.erdosproblems.com/635,high_candidate,82,medium,archive/v1/reviews/problem_635.json
638,open,52,low_to_medium_candidate,graph theory,graph theory; ramsey theory,no,no,N/A,results/problems/graph-theory/problem_638.md,https://www.erdosproblems.com/638,medium_candidate,62,medium,archive/v1/reviews/problem_638.json
640,open,46,low_to_medium_candidate,graph theory,graph theory; chromatic number,no,no,N/A,results/problems/graph-theory/problem_640.md,https://www.erdosproblems.com/640,low_to_medium_candidate,42,medium,archive/v1/reviews/problem_640.json
642,open,38,low_to_medium_candidate,graph theory,graph theory; cycles,no,no,possible,results/problems/graph-theory/problem_642.md,https://www.erdosproblems.com/642,medium_candidate,62,medium,archive/v1/reviews/problem_642.json
643,open,38,low_to_medium_candidate,graph theory,graph theory; hypergraphs,no,no,possible,results/problems/graph-theory/problem_643.md,https://www.erdosproblems.com/643,low_to_medium_candidate,38,medium,archive/v1/reviews/problem_643.json
644,open,31,low_candidate,combinatorics,combinatorics,no,no,possible,results/problems/combinatorics/problem_644.md,https://www.erdosproblems.com/644,low_to_medium_candidate,43,medium,archive/v1/reviews/problem_644.json
647,verifiable,72,high_candidate,number theory,number theory,£25,yes,A062249; A087280,results/problems/number-theory/problem_647.md,https://www.erdosproblems.com/647,high_candidate,82,medium,archive/v1/reviews/problem_647.json
653,open,26,low_candidate,geometry,geometry; distances,no,yes,possible,results/problems/geometry/problem_653.md,https://www.erdosproblems.com/653,low_to_medium_candidate,42,medium,archive/v1/reviews/problem_653.json
654,open,20,low_candidate,geometry,geometry; distances,no,no,possible,results/problems/geometry/problem_654.md,https://www.erdosproblems.com/654,medium_candidate,62,medium,archive/v1/reviews/problem_654.json
655,open,26,low_candidate,geometry,geometry; distances,no,yes,possible,results/problems/geometry/problem_655.md,https://www.erdosproblems.com/655,high_candidate,88,high,archive/v1/reviews/problem_655.json
657,open,21,low_candidate,geometry,geometry; distances,no,no,possible,results/problems/geometry/problem_657.md,https://www.erdosproblems.com/657,low_to_medium_candidate,42,medium,archive/v1/reviews/problem_657.json
660,open,15,low_candidate,geometry,geometry; distances; convex,no,no,possible,results/problems/geometry/problem_660.md,https://www.erdosproblems.com/660,medium_candidate,58,medium,archive/v1/reviews/problem_660.json
661,open,18,low_candidate,geometry,geometry; distances,$50,no,possible,results/problems/geometry/problem_661.md,https://www.erdosproblems.com/661,medium_candidate,58,medium,archive/v1/reviews/problem_661.json
662,open,21,low_candidate,geometry,geometry; distances,no,no,N/A,results/problems/geometry/problem_662.md,https://www.erdosproblems.com/662,not_applicable_meta_mathematical,18,high,archive/v1/reviews/problem_662.json
663,open,22,low_candidate,number theory,number theory,no,no,A391668,results/problems/number-theory/problem_663.md,https://www.erdosproblems.com/663,low_to_medium_candidate,42,medium,archive/v1/reviews/problem_663.json
665,open,23,low_candidate,combinatorics,combinatorics,no,no,N/A,results/problems/combinatorics/problem_665.md,https://www.erdosproblems.com/665,low_to_medium_candidate,38,medium,archive/v1/reviews/problem_665.json
667,open,41,low_to_medium_candidate,graph theory,graph theory; ramsey theory,no,no,N/A,results/problems/graph-theory/problem_667.md,https://www.erdosproblems.com/667,low_to_medium_candidate,38,medium,archive/v1/reviews/problem_667.json
668,open,30,low_candidate,geometry,geometry; distances,no,no,possible,results/problems/geometry/problem_668.md,https://www.erdosproblems.com/668,low_to_medium_candidate,38,medium,archive/v1/reviews/problem_668.json
669,open,28,low_candidate,geometry,geometry,no,no,A003035; A006065; A008997; possible,results/problems/geometry/problem_669.md,https://www.erdosproblems.com/669,medium_candidate,55,medium,archive/v1/reviews/problem_669.json
670,open,24,low_candidate,geometry,geometry; distances,no,no,N/A,results/problems/geometry/problem_670.md,https://www.erdosproblems.com/670,low_to_medium_candidate,42,medium,archive/v1/reviews/problem_670.json
671,open,22,low_candidate,analysis,analysis,$250,no,N/A,results/problems/analysis/problem_671.md,https://www.erdosproblems.com/671,medium_candidate,58,medium,archive/v1/reviews/problem_671.json
672,verifiable,60,medium_candidate,number theory,number theory,no,yes,N/A,results/problems/number-theory/problem_672.md,https://www.erdosproblems.com/672,low_to_medium_candidate,38,medium,archive/v1/reviews/problem_672.json
675,open,12,low_candidate,number theory,number theory,no,no,N/A,results/problems/number-theory/problem_675.md,https://www.erdosproblems.com/675,medium_candidate,57,medium,archive/v1/reviews/problem_675.json
676,open,28,low_candidate,number theory,number theory,no,no,A390181; in progress,results/problems/number-theory/problem_676.md,https://www.erdosproblems.com/676,low_to_medium_candidate,43,medium,archive/v1/reviews/problem_676.json
677,open,35,low_candidate,number theory,number theory,no,yes,possible,results/problems/number-theory/problem_677.md,https://www.erdosproblems.com/677,low_to_medium_candidate,42,medium,archive/v1/reviews/problem_677.json
679,open,20,low_candidate,number theory,number theory,no,no,N/A,results/problems/number-theory/problem_679.md,https://www.erdosproblems.com/679,low_to_medium_candidate,38,medium,archive/v1/reviews/problem_679.json
680,open,19,low_candidate,number theory,number theory; primes,no,yes,N/A,results/problems/number-theory/problem_680.md,https://www.erdosproblems.com/680,low_to_medium_candidate,38,medium,archive/v1/reviews/problem_680.json
681,open,27,low_candidate,number theory,number theory; primes,no,yes,A389680,results/problems/number-theory/problem_681.md,https://www.erdosproblems.com/681,low_to_medium_candidate,48,medium,archive/v1/reviews/problem_681.json
683,open,34,low_candidate,number theory,number theory; primes; binomial coefficients,no,yes,A006530; A074399; A121359; possible,results/problems/number-theory/problem_683.md,https://www.erdosproblems.com/683,low_to_medium_candidate,38,medium,archive/v1/reviews/problem_683.json
684,open,14,low_candidate,number theory,number theory; primes; binomial coefficients,no,no,A392019; possible,results/problems/number-theory/problem_684.md,https://www.erdosproblems.com/684,high_candidate,86,medium,archive/v1/reviews/problem_684.json
685,open,19,low_candidate,number theory,number theory; primes; binomial coefficients,no,no,N/A,results/problems/number-theory/problem_685.md,https://www.erdosproblems.com/685,low_to_medium_candidate,45,medium,archive/v1/reviews/problem_685.json
686,open,34,low_candidate,number theory,number theory,no,yes,N/A,results/problems/number-theory/problem_686.md,https://www.erdosproblems.com/686,medium_candidate,58,medium,archive/v1/reviews/problem_686.json
687,open,10,low_candidate,number theory,number theory,$1000,no,A048670; A058989,results/problems/number-theory/problem_687.md,https://www.erdosproblems.com/687,low_to_medium_candidate,34,medium,archive/v1/reviews/problem_687.json
688,open,20,low_candidate,number theory,number theory,no,yes,N/A,results/problems/number-theory/problem_688.md,https://www.erdosproblems.com/688,low_to_medium_candidate,42,medium,archive/v1/reviews/problem_688.json
689,open,25,low_candidate,number theory,number theory,no,yes,N/A,results/problems/number-theory/problem_689.md,https://www.erdosproblems.com/689,low_to_medium_candidate,43,medium,archive/v1/reviews/problem_689.json
691,open,25,low_candidate,number theory,number theory,no,no,N/A,results/problems/number-theory/problem_691.md,https://www.erdosproblems.com/691,medium_candidate,58,medium,archive/v1/reviews/problem_691.json
693,open,22,low_candidate,number theory,number theory; divisors,no,no,A391118; possible,results/problems/number-theory/problem_693.md,https://www.erdosproblems.com/693,low_to_medium_candidate,44,medium,archive/v1/reviews/problem_693.json
695,open,32,low_candidate,number theory,number theory,no,yes,A061092,results/problems/number-theory/problem_695.md,https://www.erdosproblems.com/695,low_to_medium_candidate,36,medium,archive/v1/reviews/problem_695.json
699,falsifiable,63,medium_candidate,number theory,number theory; binomial coefficients,no,yes,N/A,results/problems/number-theory/problem_699.md,https://www.erdosproblems.com/699,medium_candidate,68,medium,archive/v1/reviews/problem_699.json
700,open,26,low_candidate,number theory,number theory; binomial coefficients,no,no,A091963; possible,results/problems/number-theory/problem_700.md,https://www.erdosproblems.com/700,medium_candidate,58,medium,archive/v1/reviews/problem_700.json
701,open,39,low_to_medium_candidate,combinatorics,combinatorics; intersecting family,no,yes,N/A,results/problems/combinatorics/problem_701.md,https://www.erdosproblems.com/701,low_to_medium_candidate,38,medium,archive/v1/reviews/problem_701.json
704,open,41,low_to_medium_candidate,graph theory,graph theory; geometry; chromatic number,no,no,N/A,results/problems/graph-theory/problem_704.md,https://www.erdosproblems.com/704,low_to_medium_candidate,38,medium,archive/v1/reviews/problem_704.json
706,open,41,low_to_medium_candidate,graph theory,graph theory; chromatic number,no,no,possible,results/problems/graph-theory/problem_706.md,https://www.erdosproblems.com/706,low_to_medium_candidate,40,medium,archive/v1/reviews/problem_706.json
708,open,16,low_candidate,number theory,number theory,$100,no,possible,results/problems/number-theory/problem_708.md,https://www.erdosproblems.com/708,low_to_medium_candidate,42,medium,archive/v1/reviews/problem_708.json
709,open,21,low_candidate,number theory,number theory,no,no,possible,results/problems/number-theory/problem_709.md,https://www.erdosproblems.com/709,low_to_medium_candidate,44,medium,archive/v1/reviews/problem_709.json
710,open,17,low_candidate,number theory,number theory,₹2000,no,A390246,results/problems/number-theory/problem_710.md,https://www.erdosproblems.com/710,low_to_medium_candidate,42,medium,archive/v1/reviews/problem_710.json
711,open,7,low_candidate,number theory,number theory,₹1000,no,possible,results/problems/number-theory/problem_711.md,https://www.erdosproblems.com/711,low_to_medium_candidate,43,medium,archive/v1/reviews/problem_711.json
712,open,38,low_to_medium_candidate,graph theory,graph theory; turan number; hypergraphs,$500,no,possible,results/problems/graph-theory/problem_712.md,https://www.erdosproblems.com/712,low_to_medium_candidate,34,high,archive/v1/reviews/problem_712.json
713,open,42,low_to_medium_candidate,graph theory,graph theory; turan number,$500,no,N/A,results/problems/graph-theory/problem_713.md,https://www.erdosproblems.com/713,low_candidate,22,medium,archive/v1/reviews/problem_713.json
714,open,35,low_candidate,graph theory,graph theory; turan number,no,no,possible,results/problems/graph-theory/problem_714.md,https://www.erdosproblems.com/714,low_to_medium_candidate,38,medium,archive/v1/reviews/problem_714.json
719,open,44,low_to_medium_candidate,graph theory,graph theory; hypergraphs,no,no,possible,results/problems/graph-theory/problem_719.md,https://www.erdosproblems.com/719,low_to_medium_candidate,42,medium,archive/v1/reviews/problem_719.json
723,falsifiable,67,medium_candidate,combinatorics,combinatorics,no,yes,N/A,results/problems/combinatorics/problem_723.md,https://www.erdosproblems.com/723,low_candidate,32,medium,archive/v1/reviews/problem_723.json
724,open,35,low_candidate,combinatorics,combinatorics,no,no,A001438,results/problems/combinatorics/problem_724.md,https://www.erdosproblems.com/724,low_to_medium_candidate,32,medium,archive/v1/reviews/problem_724.json
725,open,32,low_candidate,combinatorics,combinatorics,no,no,A001009,results/problems/combinatorics/problem_725.md,https://www.erdosproblems.com/725,low_to_medium_candidate,38,medium,archive/v1/reviews/problem_725.json
726,open,27,low_candidate,number theory,number theory,no,no,N/A,results/problems/number-theory/problem_726.md,https://www.erdosproblems.com/726,low_to_medium_candidate,37,medium,archive/v1/reviews/problem_726.json
727,open,33,low_candidate,number theory,number theory; factorials,no,yes,A002503; A343507; A389396,results/problems/number-theory/problem_727.md,https://www.erdosproblems.com/727,low_to_medium_candidate,38,medium,archive/v1/reviews/problem_727.json
730,open,40,low_to_medium_candidate,number theory,number theory; binomial coefficients; base representations,no,yes,A129515,results/problems/number-theory/problem_730.md,https://www.erdosproblems.com/730,medium_candidate,56,medium,archive/v1/reviews/problem_730.json
731,open,34,low_candidate,number theory,number theory; binomial coefficients,no,no,A006197,results/problems/number-theory/problem_731.md,https://www.erdosproblems.com/731,medium_candidate,58,medium,archive/v1/reviews/problem_731.json
734,open,27,low_candidate,combinatorics,combinatorics,no,no,possible,results/problems/combinatorics/problem_734.md,https://www.erdosproblems.com/734,medium_candidate,66,medium,archive/v1/reviews/problem_734.json
736,not provable,31,not_applicable_meta_mathematical,graph theory,graph theory; chromatic number,no,no,N/A,results/problems/graph-theory/problem_736.md,https://www.erdosproblems.com/736,low_to_medium_candidate,42,medium,archive/v1/reviews/problem_736.json
738,open,47,low_to_medium_candidate,graph theory,graph theory; chromatic number,no,no,N/A,results/problems/graph-theory/problem_738.md,https://www.erdosproblems.com/738,low_to_medium_candidate,40,medium,archive/v1/reviews/problem_738.json
739,not provable,31,not_applicable_meta_mathematical,graph theory,graph theory; chromatic number,no,no,N/A,results/problems/graph-theory/problem_739.md,https://www.erdosproblems.com/739,low_to_medium_candidate,35,medium,archive/v1/reviews/problem_739.json
740,open,49,low_to_medium_candidate,graph theory,graph theory; chromatic number,no,yes,N/A,results/problems/graph-theory/problem_740.md,https://www.erdosproblems.com/740,low_to_medium_candidate,42,medium,archive/v1/reviews/problem_740.json
742,decidable,70,high_candidate,graph theory,graph theory,no,no,N/A,results/problems/graph-theory/problem_742.md,https://www.erdosproblems.com/742,high_candidate,83,medium,archive/v1/reviews/problem_742.json
743,falsifiable,59,medium_candidate,graph theory,graph theory,no,no,N/A,results/problems/graph-theory/problem_743.md,https://www.erdosproblems.com/743,low_to_medium_candidate,42,medium,archive/v1/reviews/problem_743.json
749,open,30,low_candidate,additive combinatorics,additive combinatorics,no,yes,N/A,results/problems/additive-combinatorics/problem_749.md,https://www.erdosproblems.com/749,medium_candidate,68,medium,archive/v1/reviews/problem_749.json
750,open,54,low_to_medium_candidate,graph theory,graph theory; chromatic number,no,yes,N/A,results/problems/graph-theory/problem_750.md,https://www.erdosproblems.com/750,medium_candidate,55,medium,archive/v1/reviews/problem_750.json
757,open,28,low_candidate,geometry,geometry; distances; sidon sets,no,yes,possible,results/problems/geometry/problem_757.md,https://www.erdosproblems.com/757,medium_candidate,62,medium,archive/v1/reviews/problem_757.json
761,open,47,low_to_medium_candidate,graph theory,graph theory; chromatic number,no,no,N/A,results/problems/graph-theory/problem_761.md,https://www.erdosproblems.com/761,low_to_medium_candidate,42,medium,archive/v1/reviews/problem_761.json
766,open,41,low_to_medium_candidate,graph theory,graph theory; turan number,no,no,possible,results/problems/graph-theory/problem_766.md,https://www.erdosproblems.com/766,medium_candidate,55,medium,archive/v1/reviews/problem_766.json
768,open,22,low_candidate,number theory,number theory,no,no,A001034; A352287,results/problems/number-theory/problem_768.md,https://www.erdosproblems.com/768,low_to_medium_candidate,38,medium,archive/v1/reviews/problem_768.json
769,open,15,low_candidate,number theory,number theory; geometry,no,no,possible,results/problems/number-theory/problem_769.md,https://www.erdosproblems.com/769,low_to_medium_candidate,42,medium,archive/v1/reviews/problem_769.json
770,open,30,low_candidate,number theory,number theory,no,yes,A263647; possible,results/problems/number-theory/problem_770.md,https://www.erdosproblems.com/770,low_to_medium_candidate,38,medium,archive/v1/reviews/problem_770.json
773,open,18,low_candidate,number theory,number theory; sidon sets; squares,no,no,A390813,results/problems/number-theory/problem_773.md,https://www.erdosproblems.com/773,low_to_medium_candidate,42,medium,archive/v1/reviews/problem_773.json
774,open,29,low_candidate,number theory,number theory,no,yes,N/A,results/problems/number-theory/problem_774.md,https://www.erdosproblems.com/774,low_to_medium_candidate,42,medium,archive/v1/reviews/problem_774.json
776,open,28,low_candidate,combinatorics,combinatorics,no,no,possible,results/problems/combinatorics/problem_776.md,https://www.erdosproblems.com/776,high_candidate,82,medium,archive/v1/reviews/problem_776.json
778,open,37,low_candidate,graph theory,graph theory,no,no,N/A,results/problems/graph-theory/problem_778.md,https://www.erdosproblems.com/778,medium_candidate,6,medium,archive/v1/reviews/problem_778.json
779,falsifiable,46,low_to_medium_candidate,number theory,number theory; primes,no,yes,A005235,results/problems/number-theory/problem_779.md,https://www.erdosproblems.com/779,medium_candidate,68,medium,archive/v1/reviews/problem_779.json
782,open,26,low_candidate,number theory,number theory,no,no,N/A,results/problems/number-theory/problem_782.md,https://www.erdosproblems.com/782,low_to_medium_candidate,35,medium,archive/v1/reviews/problem_782.json
786,open,32,low_candidate,number theory,number theory,no,yes,A143301; possible,results/problems/number-theory/problem_786.md,https://www.erdosproblems.com/786,medium_candidate,62,medium,archive/v1/reviews/problem_786.json
787,open,20,low_candidate,additive combinatorics,additive combinatorics,no,no,possible,results/problems/additive-combinatorics/problem_787.md,https://www.erdosproblems.com/787,low_to_medium_candidate,42,medium,archive/v1/reviews/problem_787.json
788,open,23,low_candidate,additive combinatorics,additive combinatorics,no,no,possible,results/problems/additive-combinatorics/problem_788.md,https://www.erdosproblems.com/788,medium_candidate,58,medium,archive/v1/reviews/problem_788.json
789,open,26,low_candidate,additive combinatorics,additive combinatorics,no,yes,possible,results/problems/additive-combinatorics/problem_789.md,https://www.erdosproblems.com/789,low_to_medium_candidate,42,medium,archive/v1/reviews/problem_789.json
790,open,23,low_candidate,additive combinatorics,additive combinatorics,no,no,possible,results/problems/additive-combinatorics/problem_790.md,https://www.erdosproblems.com/790,medium_candidate,58,medium,archive/v1/reviews/problem_790.json
791,open,33,low_candidate,additive combinatorics,additive combinatorics,no,no,A066063,results/problems/additive-combinatorics/problem_791.md,https://www.erdosproblems.com/791,low_to_medium_candidate,48,medium,archive/v1/reviews/problem_791.json
792,open,24,low_candidate,additive combinatorics,additive combinatorics,no,no,possible,results/problems/additive-combinatorics/problem_792.md,https://www.erdosproblems.com/792,medium_candidate,55,medium,archive/v1/reviews/problem_792.json
793,open,20,low_candidate,number theory,number theory,no,no,possible,results/problems/number-theory/problem_793.md,https://www.erdosproblems.com/793,low_to_medium_candidate,42,medium,archive/v1/reviews/problem_793.json
796,open,18,low_candidate,number theory,number theory,no,no,possible,results/problems/number-theory/problem_796.md,https://www.erdosproblems.com/796,low_to_medium_candidate,46,medium,archive/v1/reviews/problem_796.json
802,open,37,low_candidate,graph theory,graph theory,no,no,N/A,results/problems/graph-theory/problem_802.md,https://www.erdosproblems.com/802,low_to_medium_candidate,38,medium,archive/v1/reviews/problem_802.json
805,open,38,low_to_medium_candidate,graph theory,graph theory,no,no,possible,results/problems/graph-theory/problem_805.md,https://www.erdosproblems.com/805,low_to_medium_candidate,43,medium,archive/v1/reviews/problem_805.json
809,open,41,low_to_medium_candidate,graph theory,graph theory; ramsey theory,no,no,possible,results/problems/graph-theory/problem_809.md,https://www.erdosproblems.com/809,medium_candidate,60,medium,archive/v1/reviews/problem_809.json
810,open,43,low_to_medium_candidate,graph theory,graph theory; ramsey theory,no,no,possible,results/problems/graph-theory/problem_810.md,https://www.erdosproblems.com/810,low_to_medium_candidate,38,medium,archive/v1/reviews/problem_810.json
811,open,41,low_to_medium_candidate,graph theory,graph theory; ramsey theory,no,no,possible,results/problems/graph-theory/problem_811.md,https://www.erdosproblems.com/811,low_to_medium_candidate,38,medium,archive/v1/reviews/problem_811.json
812,open,38,low_to_medium_candidate,graph theory,graph theory; ramsey theory,no,yes,A059442,results/problems/graph-theory/problem_812.md,https://www.erdosproblems.com/812,low_to_medium_candidate,42,medium,archive/v1/reviews/problem_812.json
813,open,28,low_candidate,graph theory,graph theory,no,no,possible,results/problems/graph-theory/problem_813.md,https://www.erdosproblems.com/813,high_candidate,78,medium,archive/v1/reviews/problem_813.json
817,open,26,low_candidate,additive combinatorics,additive combinatorics,no,yes,possible,results/problems/additive-combinatorics/problem_817.md,https://www.erdosproblems.com/817,medium_candidate,62,medium,archive/v1/reviews/problem_817.json
819,open,24,low_candidate,additive combinatorics,additive combinatorics,no,no,possible,results/problems/additive-combinatorics/problem_819.md,https://www.erdosproblems.com/819,medium_candidate,62,medium,archive/v1/reviews/problem_819.json
820,open,31,low_candidate,number theory,number theory,no,no,A263647,results/problems/number-theory/problem_820.md,https://www.erdosproblems.com/820,medium_candidate,60,medium,archive/v1/reviews/problem_820.json
821,open,19,low_candidate,number theory,number theory,no,no,A014197,results/problems/number-theory/problem_821.md,https://www.erdosproblems.com/821,low_to_medium_candidate,38,medium,archive/v1/reviews/problem_821.json
824,open,21,low_candidate,number theory,number theory,no,no,possible,results/problems/number-theory/problem_824.md,https://www.erdosproblems.com/824,low_to_medium_candidate,42,medium,archive/v1/reviews/problem_824.json
826,open,32,low_candidate,number theory,number theory,no,yes,N/A,results/problems/number-theory/problem_826.md,https://www.erdosproblems.com/826,low_to_medium_candidate,38,medium,archive/v1/reviews/problem_826.json
827,open,24,low_candidate,geometry,geometry,no,no,possible,results/problems/geometry/problem_827.md,https://www.erdosproblems.com/827,medium_candidate,52,medium,archive/v1/reviews/problem_827.json
828,open,32,low_candidate,number theory,number theory,no,yes,N/A,results/problems/number-theory/problem_828.md,https://www.erdosproblems.com/828,low_to_medium_candidate,42,medium,archive/v1/reviews/problem_828.json
829,open,18,low_candidate,number theory,number theory,no,no,possible,results/problems/number-theory/problem_829.md,https://www.erdosproblems.com/829,low_to_medium_candidate,38,medium,archive/v1/reviews/problem_829.json
830,open,36,low_candidate,number theory,number theory,no,yes,A259180,results/problems/number-theory/problem_830.md,https://www.erdosproblems.com/830,low_candidate,22,medium,archive/v1/reviews/problem_830.json
831,open,27,low_candidate,geometry,geometry,no,no,possible,results/problems/geometry/problem_831.md,https://www.erdosproblems.com/831,medium_candidate,61,medium,archive/v1/reviews/problem_831.json
835,verifiable,79,high_candidate,graph theory,graph theory; hypergraphs,no,yes,N/A,results/problems/graph-theory/problem_835.md,https://www.erdosproblems.com/835,low_to_medium_candidate,43,medium,archive/v1/reviews/problem_835.json
836,open,50,low_to_medium_candidate,graph theory,graph theory; hypergraphs; chromatic number,no,no,N/A,results/problems/graph-theory/problem_836.md,https://www.erdosproblems.com/836,low_to_medium_candidate,45,medium,archive/v1/reviews/problem_836.json
837,open,41,low_to_medium_candidate,graph theory,graph theory; hypergraphs,no,no,N/A,results/problems/graph-theory/problem_837.md,https://www.erdosproblems.com/837,low_to_medium_candidate,42,medium,archive/v1/reviews/problem_837.json
838,open,26,low_candidate,geometry,geometry; convex,no,no,possible,results/problems/geometry/problem_838.md,https://www.erdosproblems.com/838,low_to_medium_candidate,42,medium,archive/v1/reviews/problem_838.json
839,open,17,low_candidate,number theory,number theory,no,no,N/A,results/problems/number-theory/problem_839.md,https://www.erdosproblems.com/839,low_to_medium_candidate,42,medium,archive/v1/reviews/problem_839.json
840,open,21,low_candidate,additive combinatorics,additive combinatorics; sidon sets,no,no,N/A,results/problems/additive-combinatorics/problem_840.md,https://www.erdosproblems.com/840,low_to_medium_candidate,46,medium,archive/v1/reviews/problem_840.json
848,decidable,59,medium_candidate,number theory,number theory,no,yes,N/A,results/problems/number-theory/problem_848.md,https://www.erdosproblems.com/848,high_candidate,88,high,archive/v1/reviews/problem_848.json
849,open,37,low_candidate,number theory,number theory; binomial coefficients,no,yes,A003016; A003015; A059233; A098565; A090162; A180058; A182237,results/problems/number-theory/problem_849.md,https://www.erdosproblems.com/849,low_to_medium_candidate,42,medium,archive/v1/reviews/problem_849.json
850,open,30,low_candidate,number theory,number theory; primes,no,yes,A343101,results/problems/number-theory/problem_850.md,https://www.erdosproblems.com/850,low_to_medium_candidate,42,medium,archive/v1/reviews/problem_850.json
852,open,22,low_candidate,number theory,number theory; primes,no,no,A001223; A053597; A078515,results/problems/number-theory/problem_852.md,https://www.erdosproblems.com/852,low_to_medium_candidate,42,medium,archive/v1/reviews/problem_852.json
853,open,30,low_candidate,number theory,number theory; primes,no,yes,A001223; A390769,results/problems/number-theory/problem_853.md,https://www.erdosproblems.com/853,low_to_medium_candidate,38,high,archive/v1/reviews/problem_853.json
854,open,28,low_candidate,number theory,number theory,no,no,A389839; A048670,results/problems/number-theory/problem_854.md,https://www.erdosproblems.com/854,medium_candidate,64,medium,archive/v1/reviews/problem_854.json
855,open,27,low_candidate,number theory,number theory; primes,no,yes,A023193,results/problems/number-theory/problem_855.md,https://www.erdosproblems.com/855,low_to_medium_candidate,42,medium,archive/v1/reviews/problem_855.json
856,open,9,low_candidate,number theory,number theory,no,no,possible,results/problems/number-theory/problem_856.md,https://www.erdosproblems.com/856,low_to_medium_candidate,42,medium,archive/v1/reviews/problem_856.json
857,open,35,low_candidate,combinatorics,combinatorics,no,yes,possible,results/problems/combinatorics/problem_857.md,https://www.erdosproblems.com/857,low_to_medium_candidate,42,medium,archive/v1/reviews/problem_857.json
859,open,26,low_candidate,number theory,number theory; divisors,no,yes,N/A,results/problems/number-theory/problem_859.md,https://www.erdosproblems.com/859,low_to_medium_candidate,38,medium,archive/v1/reviews/problem_859.json
860,open,19,low_candidate,number theory,number theory; primes,no,no,A048670; A058989,results/problems/number-theory/problem_860.md,https://www.erdosproblems.com/860,low_to_medium_candidate,36,medium,archive/v1/reviews/problem_860.json
864,open,22,low_candidate,number theory,number theory; sidon sets; additive combinatorics,no,no,A389182,results/problems/number-theory/problem_864.md,https://www.erdosproblems.com/864,medium_candidate,60,medium,archive/v1/reviews/problem_864.json
865,open,26,low_candidate,number theory,number theory; additive combinatorics,no,yes,possible,results/problems/number-theory/problem_865.md,https://www.erdosproblems.com/865,medium_candidate,52,medium,archive/v1/reviews/problem_865.json
866,open,15,low_candidate,number theory,number theory; additive combinatorics,no,no,possible,results/problems/number-theory/problem_866.md,https://www.erdosproblems.com/866,medium_candidate,58,medium,archive/v1/reviews/problem_866.json
870,open,30,low_candidate,number theory,number theory; additive basis,no,no,N/A,results/problems/number-theory/problem_870.md,https://www.erdosproblems.com/870,low_to_medium_candidate,42,medium,archive/v1/reviews/problem_870.json
872,open,12,low_candidate,number theory,number theory; primitive sets,no,no,possible,results/problems/number-theory/problem_872.md,https://www.erdosproblems.com/872,high_candidate,82,medium,archive/v1/reviews/problem_872.json
873,open,29,low_candidate,number theory,number theory,no,yes,N/A,results/problems/number-theory/problem_873.md,https://www.erdosproblems.com/873,low_to_medium_candidate,48,medium,archive/v1/reviews/problem_873.json
875,open,32,low_candidate,additive combinatorics,additive combinatorics,no,no,N/A,results/problems/additive-combinatorics/problem_875.md,https://www.erdosproblems.com/875,low_to_medium_candidate,45,medium,archive/v1/reviews/problem_875.json
876,open,17,low_candidate,additive combinatorics,additive combinatorics,no,no,N/A,results/problems/additive-combinatorics/problem_876.md,https://www.erdosproblems.com/876,low_to_medium_candidate,42,medium,archive/v1/reviews/problem_876.json
878,open,15,low_candidate,number theory,number theory,no,no,A339378; possible,results/problems/number-theory/problem_878.md,https://www.erdosproblems.com/878,low_to_medium_candidate,43,medium,archive/v1/reviews/problem_878.json
879,open,19,low_candidate,number theory,number theory,no,no,A186736,results/problems/number-theory/problem_879.md,https://www.erdosproblems.com/879,low_to_medium_candidate,42,medium,archive/v1/reviews/problem_879.json
881,open,39,low_to_medium_candidate,number theory,number theory; additive basis,no,yes,N/A,results/problems/number-theory/problem_881.md,https://www.erdosproblems.com/881,low_to_medium_candidate,38,medium,archive/v1/reviews/problem_881.json
883,open,25,low_candidate,number theory,number theory; graph theory,no,no,N/A,results/problems/number-theory/problem_883.md,https://www.erdosproblems.com/883,medium_candidate,63,medium,archive/v1/reviews/problem_883.json
885,open,29,low_candidate,number theory,number theory; divisors,no,yes,N/A,results/problems/number-theory/problem_885.md,https://www.erdosproblems.com/885,medium_candidate,66,medium,archive/v1/reviews/problem_885.json
886,open,29,low_candidate,number theory,number theory; divisors,no,yes,N/A,results/problems/number-theory/problem_886.md,https://www.erdosproblems.com/886,low_to_medium_candidate,38,medium,archive/v1/reviews/problem_886.json
887,open,31,low_candidate,number theory,number theory; divisors,no,yes,N/A,results/problems/number-theory/problem_887.md,https://www.erdosproblems.com/887,medium_candidate,62,medium,archive/v1/reviews/problem_887.json
888,open,24,low_candidate,number theory,number theory; squares,no,yes,A387584,results/problems/number-theory/problem_888.md,https://www.erdosproblems.com/888,medium_candidate,63,medium,archive/v1/reviews/problem_888.json
889,open,26,low_candidate,number theory,number theory,no,yes,possible,results/problems/number-theory/problem_889.md,https://www.erdosproblems.com/889,low_candidate,25,medium,archive/v1/reviews/problem_889.json
890,open,20,low_candidate,number theory,number theory; primes,no,yes,N/A,results/problems/number-theory/problem_890.md,https://www.erdosproblems.com/890,low_to_medium_candidate,38,medium,archive/v1/reviews/problem_890.json
891,open,26,low_candidate,number theory,number theory,no,yes,N/A,results/problems/number-theory/problem_891.md,https://www.erdosproblems.com/891,low_to_medium_candidate,42,medium,archive/v1/reviews/problem_891.json
892,open,22,low_candidate,number theory,number theory; primitive sets,no,no,N/A,results/problems/number-theory/problem_892.md,https://www.erdosproblems.com/892,low_to_medium_candidate,42,medium,archive/v1/reviews/problem_892.json
893,open,30,low_candidate,number theory,number theory; divisors,no,yes,A046801; possible,results/problems/number-theory/problem_893.md,https://www.erdosproblems.com/893,medium_candidate,62,medium,archive/v1/reviews/problem_893.json
901,open,38,low_to_medium_candidate,combinatorics,combinatorics; hypergraphs,no,no,possible,results/problems/combinatorics/problem_901.md,https://www.erdosproblems.com/901,low_to_medium_candidate,34,high,archive/v1/reviews/problem_901.json
902,open,38,low_to_medium_candidate,graph theory,graph theory,no,no,A362137,results/problems/graph-theory/problem_902.md,https://www.erdosproblems.com/902,low_to_medium_candidate,43,medium,archive/v1/reviews/problem_902.json
906,open,37,low_candidate,analysis,analysis; iterated functions,no,yes,N/A,results/problems/analysis/problem_906.md,https://www.erdosproblems.com/906,medium_candidate,66,medium,archive/v1/reviews/problem_906.json
911,open,43,low_to_medium_candidate,graph theory,graph theory; ramsey theory,no,no,N/A,results/problems/graph-theory/problem_911.md,https://www.erdosproblems.com/911,medium_candidate,58,medium,archive/v1/reviews/problem_911.json
912,open,27,low_candidate,number theory,number theory; factorials,no,yes,A071626,results/problems/number-theory/problem_912.md,https://www.erdosproblems.com/912,low_to_medium_candidate,38,medium,archive/v1/reviews/problem_912.json
913,open,33,low_candidate,number theory,number theory,no,yes,A359747,results/problems/number-theory/problem_913.md,https://www.erdosproblems.com/913,low_to_medium_candidate,42,medium,archive/v1/reviews/problem_913.json
917,open,43,low_to_medium_candidate,graph theory,graph theory; chromatic number,no,no,N/A,results/problems/graph-theory/problem_917.md,https://www.erdosproblems.com/917,low_to_medium_candidate,38,medium,archive/v1/reviews/problem_917.json
918,open,54,low_to_medium_candidate,graph theory,graph theory; chromatic number,no,yes,N/A,results/problems/graph-theory/problem_918.md,https://www.erdosproblems.com/918,low_to_medium_candidate,38,medium,archive/v1/reviews/problem_918.json
919,open,48,low_to_medium_candidate,graph theory,graph theory; chromatic number,no,no,N/A,results/problems/graph-theory/problem_919.md,https://www.erdosproblems.com/919,low_to_medium_candidate,38,medium,archive/v1/reviews/problem_919.json
920,open,43,low_to_medium_candidate,graph theory,graph theory; chromatic number,no,yes,possible,results/problems/graph-theory/problem_920.md,https://www.erdosproblems.com/920,low_to_medium_candidate,38,medium,archive/v1/reviews/problem_920.json
928,open,25,low_candidate,number theory,number theory,no,no,A006530,results/problems/number-theory/problem_928.md,https://www.erdosproblems.com/928,low_to_medium_candidate,36,high,archive/v1/reviews/problem_928.json
929,open,12,low_candidate,number theory,number theory,no,no,possible,results/problems/number-theory/problem_929.md,https://www.erdosproblems.com/929,low_to_medium_candidate,38,medium,archive/v1/reviews/problem_929.json
930,open,34,low_candidate,number theory,number theory,no,yes,N/A,results/problems/number-theory/problem_930.md,https://www.erdosproblems.com/930,low_to_medium_candidate,42,medium,archive/v1/reviews/problem_930.json
931,open,40,low_to_medium_candidate,number theory,number theory,no,yes,N/A,results/problems/number-theory/problem_931.md,https://www.erdosproblems.com/931,medium_candidate,58,medium,archive/v1/reviews/problem_931.json
932,open,33,low_candidate,number theory,number theory,no,yes,A387864,results/problems/number-theory/problem_932.md,https://www.erdosproblems.com/932,low_to_medium_candidate,38,medium,archive/v1/reviews/problem_932.json
933,open,24,low_candidate,number theory,number theory,no,no,possible,results/problems/number-theory/problem_933.md,https://www.erdosproblems.com/933,medium_candidate,62,medium,archive/v1/reviews/problem_933.json
934,open,34,low_candidate,graph theory,graph theory,no,no,possible,results/problems/graph-theory/problem_934.md,https://www.erdosproblems.com/934,low_to_medium_candidate,42,medium,archive/v1/reviews/problem_934.json
935,open,27,low_candidate,number theory,number theory,no,no,A057521; A389244; possible,results/problems/number-theory/problem_935.md,https://www.erdosproblems.com/935,medium_candidate,62,medium,archive/v1/reviews/problem_935.json
936,open,42,low_to_medium_candidate,number theory,number theory,no,yes,A146968; possible,results/problems/number-theory/problem_936.md,https://www.erdosproblems.com/936,low_to_medium_candidate,38,medium,archive/v1/reviews/problem_936.json
938,open,42,low_to_medium_candidate,number theory,number theory,no,yes,A001694; possible,results/problems/number-theory/problem_938.md,https://www.erdosproblems.com/938,medium_candidate,62,medium,archive/v1/reviews/problem_938.json
939,open,34,low_candidate,number theory,number theory,no,yes,possible,results/problems/number-theory/problem_939.md,https://www.erdosproblems.com/939,medium_candidate,58,medium,archive/v1/reviews/problem_939.json
940,open,29,low_candidate,number theory,number theory,no,yes,possible,results/problems/number-theory/problem_940.md,https://www.erdosproblems.com/940,low_to_medium_candidate,32,high,archive/v1/reviews/problem_940.json
942,open,25,low_candidate,number theory,number theory,no,yes,possible,results/problems/number-theory/problem_942.md,https://www.erdosproblems.com/942,medium_candidate,64,medium,archive/v1/reviews/problem_942.json
943,open,29,low_candidate,number theory,number theory,no,yes,possible,results/problems/number-theory/problem_943.md,https://www.erdosproblems.com/943,low_to_medium_candidate,42,medium,archive/v1/reviews/problem_943.json
944,open,45,low_to_medium_candidate,graph theory,graph theory; chromatic number,no,yes,N/A,results/problems/graph-theory/problem_944.md,https://www.erdosproblems.com/944,low_to_medium_candidate,42,medium,archive/v1/reviews/problem_944.json
945,open,23,low_candidate,number theory,number theory; divisors,no,yes,possible; A048892,results/problems/number-theory/problem_945.md,https://www.erdosproblems.com/945,medium_candidate,58,medium,archive/v1/reviews/problem_945.json
948,open,39,low_to_medium_candidate,number theory,number theory; ramsey theory,no,no,N/A,results/problems/number-theory/problem_948.md,https://www.erdosproblems.com/948,low_to_medium_candidate,38,medium,archive/v1/reviews/problem_948.json
949,open,39,low_to_medium_candidate,ramsey theory,ramsey theory,no,yes,N/A,results/problems/ramsey-theory/problem_949.md,https://www.erdosproblems.com/949,medium_candidate,63,medium,archive/v1/reviews/problem_949.json
950,open,6,low_candidate,number theory,number theory; primes,no,no,N/A,results/problems/number-theory/problem_950.md,https://www.erdosproblems.com/950,low_to_medium_candidate,38,medium,archive/v1/reviews/problem_950.json
951,open,31,low_candidate,number theory,number theory,no,yes,N/A,results/problems/number-theory/problem_951.md,https://www.erdosproblems.com/951,low_to_medium_candidate,42,medium,archive/v1/reviews/problem_951.json
952,open,28,low_candidate,number theory,number theory,no,yes,N/A,results/problems/number-theory/problem_952.md,https://www.erdosproblems.com/952,low_to_medium_candidate,34,medium,archive/v1/reviews/problem_952.json
953,open,18,low_candidate,geometry,geometry; distances,no,no,N/A,results/problems/geometry/problem_953.md,https://www.erdosproblems.com/953,medium_candidate,55,medium,archive/v1/reviews/problem_953.json
954,open,30,low_candidate,number theory,number theory,no,no,A390642,results/problems/number-theory/problem_954.md,https://www.erdosproblems.com/954,low_to_medium_candidate,38,medium,archive/v1/reviews/problem_954.json
955,open,12,low_candidate,number theory,number theory,no,no,possible,results/problems/number-theory/problem_955.md,https://www.erdosproblems.com/955,low_to_medium_candidate,34,medium,archive/v1/reviews/problem_955.json
956,open,15,low_candidate,geometry,geometry; distances; convex,no,no,possible,results/problems/geometry/problem_956.md,https://www.erdosproblems.com/956,medium_candidate,58,medium,archive/v1/reviews/problem_956.json
959,open,21,low_candidate,geometry,geometry; distances,no,no,N/A,results/problems/geometry/problem_959.md,https://www.erdosproblems.com/959,medium_candidate,58,medium,archive/v1/reviews/problem_959.json
961,open,27,low_candidate,number theory,number theory,no,yes,A213253,results/problems/number-theory/problem_961.md,https://www.erdosproblems.com/961,low_to_medium_candidate,38,medium,archive/v1/reviews/problem_961.json
962,open,27,low_candidate,number theory,number theory,no,yes,A327909,results/problems/number-theory/problem_962.md,https://www.erdosproblems.com/962,low_to_medium_candidate,38,medium,archive/v1/reviews/problem_962.json
963,open,27,low_candidate,number theory,number theory,no,no,possible,results/problems/number-theory/problem_963.md,https://www.erdosproblems.com/963,medium_candidate,63,medium,archive/v1/reviews/problem_963.json
968,open,30,low_candidate,number theory,number theory,no,yes,A387591,results/problems/number-theory/problem_968.md,https://www.erdosproblems.com/968,low_to_medium_candidate,42,medium,archive/v1/reviews/problem_968.json
969,open,16,low_candidate,number theory,number theory,no,no,A013928,results/problems/number-theory/problem_969.md,https://www.erdosproblems.com/969,low_candidate,22,high,archive/v1/reviews/problem_969.json
970,open,22,low_candidate,number theory,number theory,no,no,A048669,results/problems/number-theory/problem_970.md,https://www.erdosproblems.com/970,low_to_medium_candidate,42,medium,archive/v1/reviews/problem_970.json
971,open,32,low_candidate,number theory,number theory,no,yes,A226521,results/problems/number-theory/problem_971.md,https://www.erdosproblems.com/971,low_to_medium_candidate,38,medium,archive/v1/reviews/problem_971.json
972,open,29,low_candidate,number theory,number theory,no,yes,N/A,results/problems/number-theory/problem_972.md,https://www.erdosproblems.com/972,low_to_medium_candidate,38,medium,archive/v1/reviews/problem_972.json
973,open,28,low_candidate,analysis,analysis,no,no,N/A,results/problems/analysis/problem_973.md,https://www.erdosproblems.com/973,low_to_medium_candidate,45,medium,archive/v1/reviews/problem_973.json
975,open,20,low_candidate,number theory,number theory; divisors,no,yes,A147807; possible,results/problems/number-theory/problem_975.md,https://www.erdosproblems.com/975,low_to_medium_candidate,34,medium,archive/v1/reviews/problem_975.json
976,open,21,low_candidate,number theory,number theory,no,no,N/A,results/problems/number-theory/problem_976.md,https://www.erdosproblems.com/976,low_to_medium_candidate,34,medium,archive/v1/reviews/problem_976.json
978,open,23,low_candidate,number theory,number theory,no,yes,possible,results/problems/number-theory/problem_978.md,https://www.erdosproblems.com/978,low_to_medium_candidate,42,medium,archive/v1/reviews/problem_978.json
979,open,30,low_candidate,number theory,number theory,no,yes,A385316; possible,results/problems/number-theory/problem_979.md,https://www.erdosproblems.com/979,low_to_medium_candidate,38,medium,archive/v1/reviews/problem_979.json
982,falsifiable,52,low_to_medium_candidate,geometry,geometry; convex; distances,no,yes,A004526,results/problems/geometry/problem_982.md,https://www.erdosproblems.com/982,low_to_medium_candidate,42,medium,archive/v1/reviews/problem_982.json
983,open,18,low_candidate,number theory,number theory,no,no,possible,results/problems/number-theory/problem_983.md,https://www.erdosproblems.com/983,low_to_medium_candidate,42,medium,archive/v1/reviews/problem_983.json
985,open,33,low_candidate,number theory,number theory,no,yes,A002233; A219429; A103309; possible,results/problems/number-theory/problem_985.md,https://www.erdosproblems.com/985,low_to_medium_candidate,48,medium,archive/v1/reviews/problem_985.json
986,open,39,low_to_medium_candidate,graph theory,graph theory; ramsey theory,no,no,A000791; A059442,results/problems/graph-theory/problem_986.md,https://www.erdosproblems.com/986,low_candidate,24,medium,archive/v1/reviews/problem_986.json
993,falsifiable,62,medium_candidate,graph theory,graph theory,no,no,possible,results/problems/graph-theory/problem_993.md,https://www.erdosproblems.com/993,medium_candidate,64,medium,archive/v1/reviews/problem_993.json
995,open,27,low_candidate,analysis,analysis; discrepancy,no,no,N/A,results/problems/analysis/problem_995.md,https://www.erdosproblems.com/995,low_to_medium_candidate,43,medium,archive/v1/reviews/problem_995.json
996,open,31,low_candidate,analysis,analysis,no,yes,N/A,results/problems/analysis/problem_996.md,https://www.erdosproblems.com/996,low_to_medium_candidate,42,medium,archive/v1/reviews/problem_996.json
1002,open,31,low_candidate,analysis,analysis; diophantine approximation,no,yes,N/A,results/problems/analysis/problem_1002.md,https://www.erdosproblems.com/1002,medium_candidate,62,medium,archive/v1/reviews/problem_1002.json
1003,open,39,low_to_medium_candidate,number theory,number theory,no,yes,A001274,results/problems/number-theory/problem_1003.md,https://www.erdosproblems.com/1003,low_candidate,24,medium,archive/v1/reviews/problem_1003.json
1004,open,31,low_candidate,number theory,number theory,no,yes,possible,results/problems/number-theory/problem_1004.md,https://www.erdosproblems.com/1004,medium_candidate,58,medium,archive/v1/reviews/problem_1004.json
1005,open,24,low_candidate,number theory,number theory,no,no,A386893,results/problems/number-theory/problem_1005.md,https://www.erdosproblems.com/1005,medium_candidate,72,medium,archive/v1/reviews/problem_1005.json
1011,open,34,low_candidate,graph theory,graph theory,no,no,possible,results/problems/graph-theory/problem_1011.md,https://www.erdosproblems.com/1011,medium_candidate,58,medium,archive/v1/reviews/problem_1011.json
1013,open,37,low_candidate,graph theory,graph theory,no,no,A292528,results/problems/graph-theory/problem_1013.md,https://www.erdosproblems.com/1013,low_to_medium_candidate,38,medium,archive/v1/reviews/problem_1013.json
1016,open,42,low_to_medium_candidate,graph theory,graph theory; cycles,no,no,A105206,results/problems/graph-theory/problem_1016.md,https://www.erdosproblems.com/1016,medium_candidate,68,medium,archive/v1/reviews/problem_1016.json
1017,open,39,low_to_medium_candidate,graph theory,graph theory,no,no,possible,results/problems/graph-theory/problem_1017.md,https://www.erdosproblems.com/1017,medium_candidate,62,medium,archive/v1/reviews/problem_1017.json
1020,falsifiable,72,high_candidate,graph theory,graph theory; hypergraphs,no,no,N/A,results/problems/graph-theory/problem_1020.md,https://www.erdosproblems.com/1020,low_to_medium_candidate,38,high,archive/v1/reviews/problem_1020.json
1029,open,41,low_to_medium_candidate,graph theory,graph theory; ramsey theory,$100,no,A059442,results/problems/graph-theory/problem_1029.md,https://www.erdosproblems.com/1029,low_candidate,22,medium,archive/v1/reviews/problem_1029.json
1030,open,45,low_to_medium_candidate,graph theory,graph theory; ramsey theory,no,no,A000791; A059442,results/problems/graph-theory/problem_1030.md,https://www.erdosproblems.com/1030,low_to_medium_candidate,32,medium,archive/v1/reviews/problem_1030.json
1032,open,39,low_to_medium_candidate,graph theory,graph theory; chromatic number,no,no,possible,results/problems/graph-theory/problem_1032.md,https://www.erdosproblems.com/1032,low_to_medium_candidate,30,medium,archive/v1/reviews/problem_1032.json
1033,open,36,low_candidate,graph theory,graph theory,no,no,possible,results/problems/graph-theory/problem_1033.md,https://www.erdosproblems.com/1033,medium_candidate,6,medium,archive/v1/reviews/problem_1033.json
1035,open,39,low_to_medium_candidate,graph theory,graph theory,no,no,possible,results/problems/graph-theory/problem_1035.md,https://www.erdosproblems.com/1035,medium_candidate,62,medium,archive/v1/reviews/problem_1035.json
1038,open,29,low_candidate,analysis,analysis,no,yes,N/A,results/problems/analysis/problem_1038.md,https://www.erdosproblems.com/1038,medium_candidate,58,medium,archive/v1/reviews/problem_1038.json
1039,open,21,low_candidate,analysis,analysis,no,no,N/A,results/problems/analysis/problem_1039.md,https://www.erdosproblems.com/1039,low_to_medium_candidate,45,medium,archive/v1/reviews/problem_1039.json
1040,open,24,low_candidate,analysis,analysis,no,no,N/A,results/problems/analysis/problem_1040.md,https://www.erdosproblems.com/1040,medium_candidate,62,medium,archive/v1/reviews/problem_1040.json
1041,falsifiable,57,medium_candidate,analysis,analysis,no,yes,N/A,results/problems/analysis/problem_1041.md,https://www.erdosproblems.com/1041,medium_candidate,55,medium,archive/v1/reviews/problem_1041.json
1045,open,24,low_candidate,analysis,analysis,no,no,N/A,results/problems/analysis/problem_1045.md,https://www.erdosproblems.com/1045,medium_candidate,68,medium,archive/v1/reviews/problem_1045.json
1049,open,32,low_candidate,irrationality,irrationality,no,yes,N/A,results/problems/irrationality/problem_1049.md,https://www.erdosproblems.com/1049,low_to_medium_candidate,43,medium,archive/v1/reviews/problem_1049.json
1052,open,39,low_to_medium_candidate,number theory,number theory,$10,yes,A002827,results/problems/number-theory/problem_1052.md,https://www.erdosproblems.com/1052,low_to_medium_candidate,42,medium,archive/v1/reviews/problem_1052.json
1053,open,34,low_candidate,number theory,number theory,no,no,A007539,results/problems/number-theory/problem_1053.md,https://www.erdosproblems.com/1053,low_to_medium_candidate,38,medium,archive/v1/reviews/problem_1053.json
1054,open,21,low_candidate,number theory,number theory; divisors,no,yes,A167485,results/problems/number-theory/problem_1054.md,https://www.erdosproblems.com/1054,low_to_medium_candidate,42,medium,archive/v1/reviews/problem_1054.json
1055,open,27,low_candidate,number theory,number theory; primes,no,yes,A005113,results/problems/number-theory/problem_1055.md,https://www.erdosproblems.com/1055,low_to_medium_candidate,32,medium,archive/v1/reviews/problem_1055.json
1056,open,32,low_candidate,number theory,number theory,no,yes,A060427,results/problems/number-theory/problem_1056.md,https://www.erdosproblems.com/1056,medium_candidate,60,medium,archive/v1/reviews/problem_1056.json
1057,open,22,low_candidate,number theory,number theory,no,no,A006931,results/problems/number-theory/problem_1057.md,https://www.erdosproblems.com/1057,low_candidate,22,medium,archive/v1/reviews/problem_1057.json
1059,open,30,low_candidate,number theory,number theory; primes,no,yes,A064152,results/problems/number-theory/problem_1059.md,https://www.erdosproblems.com/1059,medium_candidate,56,medium,archive/v1/reviews/problem_1059.json
1060,open,33,low_candidate,number theory,number theory,no,yes,A327153,results/problems/number-theory/problem_1060.md,https://www.erdosproblems.com/1060,medium_candidate,62,medium,archive/v1/reviews/problem_1060.json
1061,open,36,low_candidate,number theory,number theory,no,yes,A110177; possible,results/problems/number-theory/problem_1061.md,https://www.erdosproblems.com/1061,medium_candidate,62,medium,archive/v1/reviews/problem_1061.json
1062,open,36,low_candidate,number theory,number theory,no,yes,A038372,results/problems/number-theory/problem_1062.md,https://www.erdosproblems.com/1062,low_to_medium_candidate,43,medium,archive/v1/reviews/problem_1062.json
1063,open,33,low_candidate,number theory,number theory,no,yes,A389360,results/problems/number-theory/problem_1063.md,https://www.erdosproblems.com/1063,medium_candidate,62,medium,archive/v1/reviews/problem_1063.json
1065,open,33,low_candidate,number theory,number theory,no,yes,A074781; A339465,results/problems/number-theory/problem_1065.md,https://www.erdosproblems.com/1065,low_to_medium_candidate,35,high,archive/v1/reviews/problem_1065.json
1066,open,39,low_to_medium_candidate,graph theory,graph theory; planar graphs,no,no,possible,results/problems/graph-theory/problem_1066.md,https://www.erdosproblems.com/1066,medium_candidate,58,medium,archive/v1/reviews/problem_1066.json
1068,open,51,low_to_medium_candidate,graph theory,graph theory; set theory; chromatic number,no,yes,N/A,results/problems/graph-theory/problem_1068.md,https://www.erdosproblems.com/1068,low_to_medium_candidate,38,medium,archive/v1/reviews/problem_1068.json
1070,open,30,low_candidate,geometry,geometry,no,no,possible,results/problems/geometry/problem_1070.md,https://www.erdosproblems.com/1070,low_to_medium_candidate,42,medium,archive/v1/reviews/problem_1070.json
1072,open,33,low_candidate,number theory,number theory,no,yes,A073944; A072937; A154554,results/problems/number-theory/problem_1072.md,https://www.erdosproblems.com/1072,low_to_medium_candidate,42,medium,archive/v1/reviews/problem_1072.json
1073,open,30,low_candidate,number theory,number theory,no,yes,A256519,results/problems/number-theory/problem_1073.md,https://www.erdosproblems.com/1073,low_to_medium_candidate,40,medium,archive/v1/reviews/problem_1073.json
1074,open,30,low_candidate,number theory,number theory,no,yes,A063980; A064164,results/problems/number-theory/problem_1074.md,https://www.erdosproblems.com/1074,medium_candidate,58,medium,archive/v1/reviews/problem_1074.json
1075,open,37,low_candidate,hypergraphs,hypergraphs,no,no,N/A,results/problems/hypergraphs/problem_1075.md,https://www.erdosproblems.com/1075,low_to_medium_candidate,42,medium,archive/v1/reviews/problem_1075.json
1082,falsifiable,53,low_to_medium_candidate,geometry,geometry; distances,no,yes,possible,results/problems/geometry/problem_1082.md,https://www.erdosproblems.com/1082,medium_candidate,62,medium,archive/v1/reviews/problem_1082.json
1083,open,17,low_candidate,geometry,geometry; distances,no,no,possible,results/problems/geometry/problem_1083.md,https://www.erdosproblems.com/1083,low_to_medium_candidate,34,medium,archive/v1/reviews/problem_1083.json
1084,open,30,low_candidate,geometry,geometry; distances,no,yes,A045945; possible,results/problems/geometry/problem_1084.md,https://www.erdosproblems.com/1084,medium_candidate,58,medium,archive/v1/reviews/problem_1084.json
1085,open,28,low_candidate,geometry,geometry; distances,no,yes,possible,results/problems/geometry/problem_1085.md,https://www.erdosproblems.com/1085,low_to_medium_candidate,32,high,archive/v1/reviews/problem_1085.json
1086,open,21,low_candidate,geometry,geometry; distances,no,no,possible,results/problems/geometry/problem_1086.md,https://www.erdosproblems.com/1086,low_to_medium_candidate,41,medium,archive/v1/reviews/problem_1086.json
1087,open,18,low_candidate,geometry,geometry; distances,no,no,possible,results/problems/geometry/problem_1087.md,https://www.erdosproblems.com/1087,low_to_medium_candidate,45,medium,archive/v1/reviews/problem_1087.json
1088,open,24,low_candidate,geometry,geometry,no,no,possible,results/problems/geometry/problem_1088.md,https://www.erdosproblems.com/1088,low_to_medium_candidate,43,medium,archive/v1/reviews/problem_1088.json
1093,open,30,low_candidate,number theory,number theory; binomial coefficients,no,yes,N/A,results/problems/number-theory/problem_1093.md,https://www.erdosproblems.com/1093,medium_candidate,58,medium,archive/v1/reviews/problem_1093.json
1094,open,36,low_candidate,number theory,number theory; binomial coefficients,no,yes,N/A,results/problems/number-theory/problem_1094.md,https://www.erdosproblems.com/1094,medium_candidate,62,medium,archive/v1/reviews/problem_1094.json
1095,open,22,low_candidate,number theory,number theory; binomial coefficients,no,yes,A003458,results/problems/number-theory/problem_1095.md,https://www.erdosproblems.com/1095,low_to_medium_candidate,42,medium,archive/v1/reviews/problem_1095.json
1097,open,30,low_candidate,number theory,number theory; additive combinatorics,no,yes,N/A,results/problems/number-theory/problem_1097.md,https://www.erdosproblems.com/1097,low_to_medium_candidate,42,medium,archive/v1/reviews/problem_1097.json
1100,open,22,low_candidate,number theory,number theory; divisors,no,no,A325864; possible,results/problems/number-theory/problem_1100.md,https://www.erdosproblems.com/1100,medium_candidate,62,medium,archive/v1/reviews/problem_1100.json
1101,open,22,low_candidate,number theory,number theory,no,yes,N/A,results/problems/number-theory/problem_1101.md,https://www.erdosproblems.com/1101,medium_candidate,55,medium,archive/v1/reviews/problem_1101.json
1103,open,28,low_candidate,number theory,number theory,no,no,A392164,results/problems/number-theory/problem_1103.md,https://www.erdosproblems.com/1103,low_to_medium_candidate,42,medium,archive/v1/reviews/problem_1103.json
1104,open,49,low_to_medium_candidate,graph theory,graph theory; chromatic number,no,yes,A292528,results/problems/graph-theory/problem_1104.md,https://www.erdosproblems.com/1104,medium_candidate,55,medium,archive/v1/reviews/problem_1104.json
1106,open,21,low_candidate,number theory,number theory,no,yes,A194259; A194260,results/problems/number-theory/problem_1106.md,https://www.erdosproblems.com/1106,low_to_medium_candidate,42,medium,archive/v1/reviews/problem_1106.json
1107,open,33,low_candidate,number theory,number theory; powerful,no,yes,A056828; A392342; A392343; possible,results/problems/number-theory/problem_1107.md,https://www.erdosproblems.com/1107,low_to_medium_candidate,42,medium,archive/v1/reviews/problem_1107.json
1108,open,33,low_candidate,number theory,number theory; factorials,no,yes,A051761; A115645; A025494,results/problems/number-theory/problem_1108.md,https://www.erdosproblems.com/1108,low_to_medium_candidate,38,medium,archive/v1/reviews/problem_1108.json
1109,open,25,low_candidate,number theory,number theory,no,no,A392164; A392165,results/problems/number-theory/problem_1109.md,https://www.erdosproblems.com/1109,low_to_medium_candidate,42,medium,archive/v1/reviews/problem_1109.json
1110,open,24,low_candidate,number theory,number theory,no,no,possible,results/problems/number-theory/problem_1110.md,https://www.erdosproblems.com/1110,medium_candidate,62,medium,archive/v1/reviews/problem_1110.json
1111,open,40,low_to_medium_candidate,graph theory,graph theory,no,no,possible,results/problems/graph-theory/problem_1111.md,https://www.erdosproblems.com/1111,medium_candidate,58,medium,archive/v1/reviews/problem_1111.json
1112,open,26,low_candidate,additive combinatorics,additive combinatorics,no,no,N/A,results/problems/additive-combinatorics/problem_1112.md,https://www.erdosproblems.com/1112,medium_candidate,58,medium,archive/v1/reviews/problem_1112.json
1113,open,39,low_to_medium_candidate,number theory,number theory; covering systems,no,yes,A076336,results/problems/number-theory/problem_1113.md,https://www.erdosproblems.com/1113,medium_candidate,64,medium,archive/v1/reviews/problem_1113.json
1117,open,24,low_candidate,analysis,analysis,no,no,N/A,results/problems/analysis/problem_1117.md,https://www.erdosproblems.com/1117,medium_candidate,6,medium,archive/v1/reviews/problem_1117.json
1119,independent,9,not_applicable_meta_mathematical,analysis,analysis; set theory,no,no,N/A,results/problems/analysis/problem_1119.md,https://www.erdosproblems.com/1119,medium_candidate,62,medium,archive/v1/reviews/problem_1119.json
1120,open,27,low_candidate,analysis,analysis,no,no,N/A,results/problems/analysis/problem_1120.md,https://www.erdosproblems.com/1120,medium_candidate,58,medium,archive/v1/reviews/problem_1120.json
1122,open,21,low_candidate,number theory,number theory,no,no,N/A,results/problems/number-theory/problem_1122.md,https://www.erdosproblems.com/1122,medium_candidate,58,medium,archive/v1/reviews/problem_1122.json
1123,independent,10,not_applicable_meta_mathematical,algebra,algebra,$100,no,N/A,results/problems/algebra/problem_1123.md,https://www.erdosproblems.com/1123,not_applicable_meta_mathematical,20,high,archive/v1/reviews/problem_1123.json
1127,independent,9,not_applicable_meta_mathematical,geometry,geometry; distances; set theory,no,no,N/A,results/problems/geometry/problem_1127.md,https://www.erdosproblems.com/1127,low_to_medium_candidate,38,medium,archive/v1/reviews/problem_1127.json
1131,open,28,low_candidate,analysis,analysis; polynomials,no,no,N/A,results/problems/analysis/problem_1131.md,https://www.erdosproblems.com/1131,medium_candidate,62,medium,archive/v1/reviews/problem_1131.json
1132,open,28,low_candidate,analysis,analysis; polynomials,no,no,N/A,results/problems/analysis/problem_1132.md,https://www.erdosproblems.com/1132,medium_candidate,58,medium,archive/v1/reviews/problem_1132.json
1133,open,28,low_candidate,analysis,analysis; polynomials,no,no,N/A,results/problems/analysis/problem_1133.md,https://www.erdosproblems.com/1133,low_to_medium_candidate,42,medium,archive/v1/reviews/problem_1133.json
1135,open,34,low_candidate,number theory,number theory,$500,yes,A006370; A008908,results/problems/number-theory/problem_1135.md,https://www.erdosproblems.com/1135,low_candidate,8,high,archive/v1/reviews/problem_1135.json
1137,open,30,low_candidate,number theory,number theory; primes,no,yes,A083550; A005250,results/problems/number-theory/problem_1137.md,https://www.erdosproblems.com/1137,low_to_medium_candidate,38,medium,archive/v1/reviews/problem_1137.json
1139,open,23,low_candidate,number theory,number theory; primes,no,yes,possible,results/problems/number-theory/problem_1139.md,https://www.erdosproblems.com/1139,low_to_medium_candidate,38,medium,archive/v1/reviews/problem_1139.json
1142,open,30,low_candidate,number theory,number theory; primes,no,yes,A039669,results/problems/number-theory/problem_1142.md,https://www.erdosproblems.com/1142,low_to_medium_candidate,38,medium,archive/v1/reviews/problem_1142.json
1143,open,20,low_candidate,number theory,number theory; primes,no,no,N/A,results/problems/number-theory/problem_1143.md,https://www.erdosproblems.com/1143,medium_candidate,6,medium,archive/v1/reviews/problem_1143.json
1144,open,19,low_candidate,number theory,number theory; probability,no,no,N/A,results/problems/number-theory/problem_1144.md,https://www.erdosproblems.com/1144,low_to_medium_candidate,42,medium,archive/v1/reviews/problem_1144.json
1145,open,30,low_candidate,additive combinatorics,additive combinatorics; additive basis,no,yes,N/A,results/problems/additive-combinatorics/problem_1145.md,https://www.erdosproblems.com/1145,low_to_medium_candidate,35,medium,archive/v1/reviews/problem_1145.json
1146,open,24,low_candidate,number theory,number theory,no,no,possible,results/problems/number-theory/problem_1146.md,https://www.erdosproblems.com/1146,low_to_medium_candidate,38,medium,archive/v1/reviews/problem_1146.json
1150,open,35,low_candidate,analysis,analysis; polynomials,no,yes,N/A,results/problems/analysis/problem_1150.md,https://www.erdosproblems.com/1150,low_to_medium_candidate,38,medium,archive/v1/reviews/problem_1150.json
1151,open,31,low_candidate,analysis,analysis; polynomials,no,no,N/A,results/problems/analysis/problem_1151.md,https://www.erdosproblems.com/1151,medium_candidate,6,medium,archive/v1/reviews/problem_1151.json
1152,open,31,low_candidate,analysis,analysis; polynomials,no,no,N/A,results/problems/analysis/problem_1152.md,https://www.erdosproblems.com/1152,low_to_medium_candidate,42,medium,archive/v1/reviews/problem_1152.json
1154,not disprovable,11,not_applicable_meta_mathematical,analysis,analysis,no,no,N/A,results/problems/analysis/problem_1154.md,https://www.erdosproblems.com/1154,low_to_medium_candidate,35,medium,archive/v1/reviews/problem_1154.json
1155,open,33,low_candidate,graph theory,graph theory,no,no,N/A,results/problems/graph-theory/problem_1155.md,https://www.erdosproblems.com/1155,high_candidate,82,medium,archive/v1/reviews/problem_1155.json
1156,open,46,low_to_medium_candidate,graph theory,graph theory; chromatic number,no,no,N/A,results/problems/graph-theory/problem_1156.md,https://www.erdosproblems.com/1156,low_to_medium_candidate,38,medium,archive/v1/reviews/problem_1156.json
1157,open,38,low_to_medium_candidate,hypergraphs,hypergraphs; turan number,no,no,possible,results/problems/hypergraphs/problem_1157.md,https://www.erdosproblems.com/1157,low_to_medium_candidate,35,medium,archive/v1/reviews/problem_1157.json
1158,open,38,low_to_medium_candidate,hypergraphs,hypergraphs; turan number,no,no,possible,results/problems/hypergraphs/problem_1158.md,https://www.erdosproblems.com/1158,low_to_medium_candidate,32,medium,archive/v1/reviews/problem_1158.json
1159,open,34,low_candidate,combinatorics,combinatorics,no,no,N/A,results/problems/combinatorics/problem_1159.md,https://www.erdosproblems.com/1159,low_to_medium_candidate,38,medium,archive/v1/reviews/problem_1159.json
1160,open,31,low_candidate,group theory,group theory,no,no,A000001,results/problems/group-theory/problem_1160.md,https://www.erdosproblems.com/1160,low_to_medium_candidate,43,medium,archive/v1/reviews/problem_1160.json
1162,open,26,low_candidate,group theory,group theory,no,no,possible,results/problems/group-theory/problem_1162.md,https://www.erdosproblems.com/1162,medium_candidate,58,medium,archive/v1/reviews/problem_1162.json
1163,open,30,low_candidate,group theory,group theory,no,no,N/A,results/problems/group-theory/problem_1163.md,https://www.erdosproblems.com/1163,low_to_medium_candidate,38,medium,archive/v1/reviews/problem_1163.json
1167,open,34,low_candidate,set theory,set theory; probability,no,no,N/A,results/problems/set-theory/problem_1167.md,https://www.erdosproblems.com/1167,low_to_medium_candidate,42,medium,archive/v1/reviews/problem_1167.json
1168,open,31,low_candidate,set theory,set theory; ramsey theory,no,no,N/A,results/problems/set-theory/problem_1168.md,https://www.erdosproblems.com/1168,low_to_medium_candidate,38,medium,archive/v1/reviews/problem_1168.json
1169,not disprovable,16,not_applicable_meta_mathematical,set theory,set theory; ramsey theory,no,no,N/A,results/problems/set-theory/problem_1169.md,https://www.erdosproblems.com/1169,low_to_medium_candidate,34,medium,archive/v1/reviews/problem_1169.json
1170,open,31,low_candidate,set theory,set theory; ramsey theory,no,no,N/A,results/problems/set-theory/problem_1170.md,https://www.erdosproblems.com/1170,low_to_medium_candidate,38,medium,archive/v1/reviews/problem_1170.json
1171,open,34,low_candidate,set theory,set theory; ramsey theory,no,no,N/A,results/problems/set-theory/problem_1171.md,https://www.erdosproblems.com/1171,low_to_medium_candidate,42,medium,archive/v1/reviews/problem_1171.json
1172,open,34,low_candidate,set theory,set theory; ramsey theory,no,no,N/A,results/problems/set-theory/problem_1172.md,https://www.erdosproblems.com/1172,low_to_medium_candidate,32,medium,archive/v1/reviews/problem_1172.json
1173,open,33,low_candidate,set theory,set theory; combinatorics,no,no,N/A,results/problems/set-theory/problem_1173.md,https://www.erdosproblems.com/1173,low_to_medium_candidate,42,medium,archive/v1/reviews/problem_1173.json
1174,not disprovable,24,not_applicable_meta_mathematical,set theory,set theory; ramsey theory,no,no,N/A,results/problems/set-theory/problem_1174.md,https://www.erdosproblems.com/1174,low_to_medium_candidate,38,medium,archive/v1/reviews/problem_1174.json
1175,open,37,low_candidate,set theory,set theory; chromatic number,no,no,N/A,results/problems/set-theory/problem_1175.md,https://www.erdosproblems.com/1175,low_to_medium_candidate,38,medium,archive/v1/reviews/problem_1175.json
1176,not disprovable,27,not_applicable_meta_mathematical,set theory,set theory; chromatic number,no,yes,N/A,results/problems/set-theory/problem_1176.md,https://www.erdosproblems.com/1176,low_to_medium_candidate,42,medium,archive/v1/reviews/problem_1176.json
1177,open,47,low_to_medium_candidate,set theory,set theory; chromatic number; hypergraphs,no,no,N/A,results/problems/set-theory/problem_1177.md,https://www.erdosproblems.com/1177,medium_candidate,58,medium,archive/v1/reviews/problem_1177.json
1178,open,44,low_to_medium_candidate,graph theory,graph theory; hypergraphs,no,no,N/A,results/problems/graph-theory/problem_1178.md,https://www.erdosproblems.com/1178,low_to_medium_candidate,38,medium,archive/v1/reviews/problem_1178.json
1181,open,17,low_candidate,number theory,number theory,no,no,possible,results/problems/number-theory/problem_1181.md,https://www.erdosproblems.com/1181,low_to_medium_candidate,39,medium,archive/v1/reviews/problem_1181.json
1182,open,32,low_candidate,graph theory,graph theory; ramsey theory,no,no,possible,results/problems/graph-theory/problem_1182.md,https://www.erdosproblems.com/1182,medium_candidate,58,medium,archive/v1/reviews/problem_1182.json
1183,open,41,low_to_medium_candidate,combinatorics,combinatorics; ramsey theory,no,no,possible,results/problems/combinatorics/problem_1183.md,https://www.erdosproblems.com/1183,low_to_medium_candidate,42,medium,archive/v1/reviews/problem_1183.json
1184,open,15,low_candidate,number theory,number theory; primes,no,no,possible,results/problems/number-theory/problem_1184.md,https://www.erdosproblems.com/1184,low_to_medium_candidate,38,medium,archive/v1/reviews/problem_1184.json
1186,open,24,low_candidate,additive combinatorics,additive combinatorics; arithmetic progressions,no,no,possible,results/problems/additive-combinatorics/problem_1186.md,https://www.erdosproblems.com/1186,medium_candidate,64,medium,archive/v1/reviews/problem_1186.json
1188,open,33,low_candidate,number theory,number theory; covering systems,no,no,possible,results/problems/number-theory/problem_1188.md,https://www.erdosproblems.com/1188,medium_candidate,58,medium,archive/v1/reviews/problem_1188.json
1189,open,28,low_candidate,number theory,number theory; covering systems,no,no,possible,results/problems/number-theory/problem_1189.md,https://www.erdosproblems.com/1189,low_to_medium_candidate,48,medium,archive/v1/reviews/problem_1189.json
1190,open,33,low_candidate,number theory,number theory; covering systems,no,no,possible,results/problems/number-theory/problem_1190.md,https://www.erdosproblems.com/1190,low_to_medium_candidate,42,medium,archive/v1/reviews/problem_1190.json
1191,open,17,low_candidate,additive combinatorics,additive combinatorics; sidon sets,$1000,no,possible,results/problems/additive-combinatorics/problem_1191.md,https://www.erdosproblems.com/1191,low_to_medium_candidate,38,medium,archive/v1/reviews/problem_1191.json
1192,open,24,low_candidate,additive combinatorics,additive combinatorics; additive basis,no,no,possible,results/problems/additive-combinatorics/problem_1192.md,https://www.erdosproblems.com/1192,low_to_medium_candidate,43,medium,archive/v1/reviews/problem_1192.json
1194,open,24,low_candidate,additive combinatorics,additive combinatorics; additive basis; sidon sets,no,no,possible,results/problems/additive-combinatorics/problem_1194.md,https://www.erdosproblems.com/1194,medium_candidate,68,medium,archive/v1/reviews/problem_1194.json
1199,open,42,low_to_medium_candidate,additive combinatorics,additive combinatorics; ramsey theory,no,yes,possible,results/problems/additive-combinatorics/problem_1199.md,https://www.erdosproblems.com/1199,low_to_medium_candidate,45,medium,archive/v1/reviews/problem_1199.json
1200,open,12,low_candidate,number theory,number theory; primes,no,no,possible,results/problems/number-theory/problem_1200.md,https://www.erdosproblems.com/1200,low_to_medium_candidate,42,medium,archive/v1/reviews/problem_1200.json
1201,open,18,low_candidate,number theory,number theory; primes,no,no,possible,results/problems/number-theory/problem_1201.md,https://www.erdosproblems.com/1201,low_to_medium_candidate,38,medium,archive/v1/reviews/problem_1201.json
1203,open,26,low_candidate,number theory,number theory,no,yes,possible,results/problems/number-theory/problem_1203.md,https://www.erdosproblems.com/1203,low_to_medium_candidate,38,medium,archive/v1/reviews/problem_1203.json
1204,open,22,low_candidate,number theory,number theory,no,no,A008407; A023193; A135311; possible,results/problems/number-theory/problem_1204.md,https://www.erdosproblems.com/1204,low_to_medium_candidate,38,medium,archive/v1/reviews/problem_1204.json
1206,open,20,low_candidate,number theory,number theory; sidon sets,no,no,possible,results/problems/number-theory/problem_1206.md,https://www.erdosproblems.com/1206,low_to_medium_candidate,45,medium,archive/v1/reviews/problem_1206.json
1207,open,17,low_candidate,geometry,geometry; distances,no,no,possible,results/problems/geometry/problem_1207.md,https://www.erdosproblems.com/1207,medium_candidate,58,medium,archive/v1/reviews/problem_1207.json
1208,open,15,low_candidate,geometry,geometry; distances,no,no,possible,results/problems/geometry/problem_1208.md,https://www.erdosproblems.com/1208,low_to_medium_candidate,38,medium,archive/v1/reviews/problem_1208.json
1209,open,28,low_candidate,number theory,number theory,no,no,possible,results/problems/number-theory/problem_1209.md,https://www.erdosproblems.com/1209,low_to_medium_candidate,42,medium,archive/v1/reviews/problem_1209.json
1210,open,23,low_candidate,number theory,number theory,no,yes,possible,results/problems/number-theory/problem_1210.md,https://www.erdosproblems.com/1210,medium_candidate,58,medium,archive/v1/reviews/problem_1210.json
1212,open,31,low_candidate,number theory,number theory; primes,no,no,possible,results/problems/number-theory/problem_1212.md,https://www.erdosproblems.com/1212,medium_candidate,58,medium,archive/v1/reviews/problem_1212.json
